Workbook

Sheet Information
B2: Compiled by Lenoire77
B4: All data obtained from TheSportsDB
B5: English Premier League - TheSportsDB.com

Sheet All Time Table
C1: TOTAL
A2: Team | B2: Seasons | C2: Wins | D2: Draws | E2: Losses | F2: Games Played | G2: Goals For | H2: Goals Against | I2: Goal Difference | J2: Points | K2: Position
A3: Manchester United | B3: =COUNTIF('All Years'!$B$2:$B$607,A3) -> 30 | C3: =SUMIF('All Years'!$B$2:$B$607,$A3,'All Years'!C$2:C$607) -> 703 | D3: =SUMIF('All Years'!$B$2:$B$607,$A3,'All Years'!D$2:D$607) -> 257 | E3: =SUMIF('All Years'!$B$2:$B$607,$A3,'All Years'!E$2:E$607) -> 192 | F3: =SUMIF('All Years'!$B$2:$B$607,$A3,'All Years'!F$2:F$607) -> 1152 | G3: =SUMIF('All Years'!$B$2:$B$607,$A3,'All Years'!G$2:G$607) -> 2185 | H3: =SUMIF('All Years'!$B$2:$B$607,$A3,'All Years'!H$2:H$607) -> 1066 | I3: =SUMIF('All Years'!$B$2:$B$607,$A3,'All Years'!I$2:I$607) -> 1119 | J3: =SUMIF('All Years'!$B$2:$B$607,$A3,'All Years'!J$2:J$607) -> 2366 | K3: 1
A4: Arsenal | B4: =COUNTIF('All Years'!$B$2:$B$607,A4) -> 30 | C4: =SUMIF('All Years'!$B$2:$B$607,$A4,'All Years'!C$2:C$607) -> 619 | D4: =SUMIF('All Years'!$B$2:$B$607,$A4,'All Years'!D$2:D$607) -> 284 | E4: =SUMIF('All Years'!$B$2:$B$607,$A4,'All Years'!E$2:E$607) -> 249 | F4: =SUMIF('All Years'!$B$2:$B$607,$A4,'All Years'!F$2:F$607) -> 1152 | G4: =SUMIF('All Years'!$B$2:$B$607,$A4,'All Years'!G$2:G$607) -> 2017 | H4: =SUMIF('All Years'!$B$2:$B$607,$A4,'All Years'!H$2:H$607) -> 1148 | I4: =SUMIF('All Years'!$B$2:$B$607,$A4,'All Years'!I$2:I$607) -> 869 | J4: =SUMIF('All Years'!$B$2:$B$607,$A4,'All Years'!J$2:J$607) -> 2141 | K4: 2
A5: Chelsea | B5: =COUNTIF('All Years'!$B$2:$B$607,A5) -> 30 | C5: =SUMIF('All Years'!$B$2:$B$607,$A5,'All Years'!C$2:C$607) -> 618 | D5: =SUMIF('All Years'!$B$2:$B$607,$A5,'All Years'!D$2:D$607) -> 284 | E5: =SUMIF('All Years'!$B$2:$B$607,$A5,'All Years'!E$2:E$607) -> 250 | F5: =SUMIF('All Years'!$B$2:$B$607,$A5,'All Years'!F$2:F$607) -> 1152 | G5: =SUMIF('All Years'!$B$2:$B$607,$A5,'All Years'!G$2:G$607) -> 1973 | H5: =SUMIF('All Years'!$B$2:$B$607,$A5,'All Years'!H$2:H$607) -> 1125 | I5: =SUMIF('All Years'!$B$2:$B$607,$A5,'All Years'!I$2:I$607) -> 848 | J5: =SUMIF('All Years'!$B$2:$B$607,$A5,'All Years'!J$2:J$607) -> 2138 | K5: 3
A6: Liverpool | B6: =COUNTIF('All Years'!$B$2:$B$607,A6) -> 30 | C6: =SUMIF('All Years'!$B$2:$B$607,$A6,'All Years'!C$2:C$607) -> 609 | D6: =SUMIF('All Years'!$B$2:$B$607,$A6,'All Years'!D$2:D$607) -> 282 | E6: =SUMIF('All Years'!$B$2:$B$607,$A6,'All Years'!E$2:E$607) -> 261 | F6: =SUMIF('All Years'!$B$2:$B$607,$A6,'All Years'!F$2:F$607) -> 1152 | G6: =SUMIF('All Years'!$B$2:$B$607,$A6,'All Years'!G$2:G$607) -> 2021 | H6: =SUMIF('All Years'!$B$2:$B$607,$A6,'All Years'!H$2:H$607) -> 1147 | I6: =SUMIF('All Years'!$B$2:$B$607,$A6,'All Years'!I$2:I$607) -> 874 | J6: =SUMIF('All Years'!$B$2:$B$607,$A6,'All Years'!J$2:J$607) -> 2109 | K6: 4
A7: Tottenham | B7: =COUNTIF('All Years'!$B$2:$B$607,A7) -> 30 | C7: =SUMIF('All Years'!$B$2:$B$607,$A7,'All Years'!C$2:C$607) -> 501 | D7: =SUMIF('All Years'!$B$2:$B$607,$A7,'All Years'!D$2:D$607) -> 281 | E7: =SUMIF('All Years'!$B$2:$B$607,$A7,'All Years'!E$2:E$607) -> 369 | F7: =SUMIF('All Years'!$B$2:$B$607,$A7,'All Years'!F$2:F$607) -> 1151 | G7: =SUMIF('All Years'!$B$2:$B$607,$A7,'All Years'!G$2:G$607) -> 1744 | H7: =SUMIF('All Years'!$B$2:$B$607,$A7,'All Years'!H$2:H$607) -> 1438 | I7: =SUMIF('All Years'!$B$2:$B$607,$A7,'All Years'!I$2:I$607) -> 306 | J7: =SUMIF('All Years'!$B$2:$B$607,$A7,'All Years'!J$2:J$607) -> 1784 | K7: 5
A8: Manchester City | B8: =COUNTIF('All Years'!$B$2:$B$607,A8) -> 25 | C8: =SUMIF('All Years'!$B$2:$B$607,$A8,'All Years'!C$2:C$607) -> 473 | D8: =SUMIF('All Years'!$B$2:$B$607,$A8,'All Years'!D$2:D$607) -> 210 | E8: =SUMIF('All Years'!$B$2:$B$607,$A8,'All Years'!E$2:E$607) -> 279 | F8: =SUMIF('All Years'!$B$2:$B$607,$A8,'All Years'!F$2:F$607) -> 962 | G8: =SUMIF('All Years'!$B$2:$B$607,$A8,'All Years'!G$2:G$607) -> 1658 | H8: =SUMIF('All Years'!$B$2:$B$607,$A8,'All Years'!H$2:H$607) -> 1068 | I8: =SUMIF('All Years'!$B$2:$B$607,$A8,'All Years'!I$2:I$607) -> 590 | J8: =SUMIF('All Years'!$B$2:$B$607,$A8,'All Years'!J$2:J$607) -> 1629 | K8: 6
A9: Everton | B9: =COUNTIF('All Years'!$B$2:$B$607,A9) -> 30 | C9: =SUMIF('All Years'!$B$2:$B$607,$A9,'All Years'!C$2:C$607) -> 418 | D9: =SUMIF('All Years'!$B$2:$B$607,$A9,'All Years'!D$2:D$607) -> 320 | E9: =SUMIF('All Years'!$B$2:$B$607,$A9,'All Years'!E$2:E$607) -> 414 | F9: =SUMIF('All Years'!$B$2:$B$607,$A9,'All Years'!F$2:F$607) -> 1152 | G9: =SUMIF('All Years'!$B$2:$B$607,$A9,'All Years'!G$2:G$607) -> 1491 | H9: =SUMIF('All Years'!$B$2:$B$607,$A9,'All Years'!H$2:H$607) -> 1481 | I9: =SUMIF('All Years'!$B$2:$B$607,$A9,'All Years'!I$2:I$607) -> 10 | J9: =SUMIF('All Years'!$B$2:$B$607,$A9,'All Years'!J$2:J$607) -> 1574 | K9: 7
A10: Newcastle | B10: =COUNTIF('All Years'!$B$2:$B$607,A10) -> 27 | C10: =SUMIF('All Years'!$B$2:$B$607,$A10,'All Years'!C$2:C$607) -> 382 | D10: =SUMIF('All Years'!$B$2:$B$607,$A10,'All Years'!D$2:D$607) -> 264 | E10: =SUMIF('All Years'!$B$2:$B$607,$A10,'All Years'!E$2:E$607) -> 388 | F10: =SUMIF('All Years'!$B$2:$B$607,$A10,'All Years'!F$2:F$607) -> 1034 | G10: =SUMIF('All Years'!$B$2:$B$607,$A10,'All Years'!G$2:G$607) -> 1377 | H10: =SUMIF('All Years'!$B$2:$B$607,$A10,'All Years'!H$2:H$607) -> 1417 | I10: =SUMIF('All Years'!$B$2:$B$607,$A10,'All Years'!I$2:I$607) -> -40 | J10: =SUMIF('All Years'!$B$2:$B$607,$A10,'All Years'!J$2:J$607) -> 1410 | K10: 8
A11: Aston Villa | B11: =COUNTIF('All Years'!$B$2:$B$607,A11) -> 27 | C11: =SUMIF('All Years'!$B$2:$B$607,$A11,'All Years'!C$2:C$607) -> 354 | D11: =SUMIF('All Years'!$B$2:$B$607,$A11,'All Years'!D$2:D$607) -> 296 | E11: =SUMIF('All Years'!$B$2:$B$607,$A11,'All Years'!E$2:E$607) -> 388 | F11: =SUMIF('All Years'!$B$2:$B$607,$A11,'All Years'!F$2:F$607) -> 1038 | G11: =SUMIF('All Years'!$B$2:$B$607,$A11,'All Years'!G$2:G$607) -> 1265 | H11: =SUMIF('All Years'!$B$2:$B$607,$A11,'All Years'!H$2:H$607) -> 1353 | I11: =SUMIF('All Years'!$B$2:$B$607,$A11,'All Years'!I$2:I$607) -> -88 | J11: =SUMIF('All Years'!$B$2:$B$607,$A11,'All Years'!J$2:J$607) -> 1358 | K11: 9
A12: West Ham | B12: =COUNTIF('All Years'!$B$2:$B$607,A12) -> 26 | C12: =SUMIF('All Years'!$B$2:$B$607,$A12,'All Years'!C$2:C$607) -> 335 | D12: =SUMIF('All Years'!$B$2:$B$607,$A12,'All Years'!D$2:D$607) -> 253 | E12: =SUMIF('All Years'!$B$2:$B$607,$A12,'All Years'!E$2:E$607) -> 408 | F12: =SUMIF('All Years'!$B$2:$B$607,$A12,'All Years'!F$2:F$607) -> 996 | G12: =SUMIF('All Years'!$B$2:$B$607,$A12,'All Years'!G$2:G$607) -> 1235 | H12: =SUMIF('All Years'!$B$2:$B$607,$A12,'All Years'!H$2:H$607) -> 1429 | I12: =SUMIF('All Years'!$B$2:$B$607,$A12,'All Years'!I$2:I$607) -> -194 | J12: =SUMIF('All Years'!$B$2:$B$607,$A12,'All Years'!J$2:J$607) -> 1258 | K12: 10
A13: Southampton | B13: =COUNTIF('All Years'!$B$2:$B$607,A13) -> 23 | C13: =SUMIF('All Years'!$B$2:$B$607,$A13,'All Years'!C$2:C$607) -> 274 | D13: =SUMIF('All Years'!$B$2:$B$607,$A13,'All Years'!D$2:D$607) -> 241 | E13: =SUMIF('All Years'!$B$2:$B$607,$A13,'All Years'!E$2:E$607) -> 371 | F13: =SUMIF('All Years'!$B$2:$B$607,$A13,'All Years'!F$2:F$607) -> 886 | G13: =SUMIF('All Years'!$B$2:$B$607,$A13,'All Years'!G$2:G$607) -> 1078 | H13: =SUMIF('All Years'!$B$2:$B$607,$A13,'All Years'!H$2:H$607) -> 1282 | I13: =SUMIF('All Years'!$B$2:$B$607,$A13,'All Years'!I$2:I$607) -> -204 | J13: =SUMIF('All Years'!$B$2:$B$607,$A13,'All Years'!J$2:J$607) -> 1063 | K13: 11
A14: Blackburn | B14: =COUNTIF('All Years'!$B$2:$B$607,A14) -> 18 | C14: =SUMIF('All Years'!$B$2:$B$607,$A14,'All Years'!C$2:C$607) -> 262 | D14: =SUMIF('All Years'!$B$2:$B$607,$A14,'All Years'!D$2:D$607) -> 184 | E14: =SUMIF('All Years'!$B$2:$B$607,$A14,'All Years'!E$2:E$607) -> 250 | F14: =SUMIF('All Years'!$B$2:$B$607,$A14,'All Years'!F$2:F$607) -> 696 | G14: =SUMIF('All Years'!$B$2:$B$607,$A14,'All Years'!G$2:G$607) -> 927 | H14: =SUMIF('All Years'!$B$2:$B$607,$A14,'All Years'!H$2:H$607) -> 907 | I14: =SUMIF('All Years'!$B$2:$B$607,$A14,'All Years'!I$2:I$607) -> 20 | J14: =SUMIF('All Years'!$B$2:$B$607,$A14,'All Years'!J$2:J$607) -> 970 | K14: 12
... A52: Swindon | B52: =COUNTIF('All Years'!$B$2:$B$607,A52) -> 1 | C52: =SUMIF('All Years'!$B$2:$B$607,$A52,'All Years'!C$2:C$607) -> 5 | D52: =SUMIF('All Years'!$B$2:$B$607,$A52,'All Years'!D$2:D$607) -> 15 | E52: =SUMIF('All Years'!$B$2:$B$607,$A52,'All Years'!E$2:E$607) -> 22 | F52: =SUMIF('All Years'!$B$2:$B$607,$A52,'All Years'!F$2:F$607) -> 42 | G52: =SUMIF('All Years'!$B$2:$B$607,$A52,'All Years'!G$2:G$607) -> 47 | H52: =SUMIF('All Years'!$B$2:$B$607,$A52,'All Years'!H$2:H$607) -> 100 | I52: =SUMIF('All Years'!$B$2:$B$607,$A52,'All Years'!I$2:I$607) -> -53 | J52: =SUMIF('All Years'!$B$2:$B$607,$A52,'All Years'!J$2:J$607) -> 30 | K52: 50

Sheet All Time Average
C1: AVERAGE PER SEASON
A2: Team | B2: Seasons | C2: Wins | D2: Draws | E2: Losses | F2: Games Played | G2: Goals For | H2: Goals Against | I2: Goal Difference | J2: Points | K2: Position
A3: Manchester United | B3: =COUNTIF('All Years'!$B$2:$B$607,A3) -> 30 | C3: ='All Time Table'!C3/'All Time Table'!$B3 -> 23.433333 | D3: ='All Time Table'!D3/'All Time Table'!$B3 -> 8.5666667 | E3: ='All Time Table'!E3/'All Time Table'!$B3 -> 6.4 | F3: ='All Time Table'!F3/'All Time Table'!$B3 -> 38.4 | G3: ='All Time Table'!G3/'All Time Table'!$B3 -> 72.833333 | H3: ='All Time Table'!H3/'All Time Table'!$B3 -> 35.533333 | I3: ='All Time Table'!I3/'All Time Table'!$B3 -> 37.3 | J3: ='All Time Table'!J3/'All Time Table'!$B3 -> 78.866667 | K3: 1
A4: Arsenal | B4: =COUNTIF('All Years'!$B$2:$B$607,A4) -> 30 | C4: ='All Time Table'!C4/'All Time Table'!$B4 -> 20.633333 | D4: ='All Time Table'!D4/'All Time Table'!$B4 -> 9.4666667 | E4: ='All Time Table'!E4/'All Time Table'!$B4 -> 8.3 | F4: ='All Time Table'!F4/'All Time Table'!$B4 -> 38.4 | G4: ='All Time Table'!G4/'All Time Table'!$B4 -> 67.233333 | H4: ='All Time Table'!H4/'All Time Table'!$B4 -> 38.266667 | I4: ='All Time Table'!I4/'All Time Table'!$B4 -> 28.966667 | J4: ='All Time Table'!J4/'All Time Table'!$B4 -> 71.366667 | K4: 2
A5: Chelsea | B5: =COUNTIF('All Years'!$B$2:$B$607,A5) -> 30 | C5: ='All Time Table'!C5/'All Time Table'!$B5 -> 20.6 | D5: ='All Time Table'!D5/'All Time Table'!$B5 -> 9.4666667 | E5: ='All Time Table'!E5/'All Time Table'!$B5 -> 8.3333333 | F5: ='All Time Table'!F5/'All Time Table'!$B5 -> 38.4 | G5: ='All Time Table'!G5/'All Time Table'!$B5 -> 65.766667 | H5: ='All Time Table'!H5/'All Time Table'!$B5 -> 37.5 | I5: ='All Time Table'!I5/'All Time Table'!$B5 -> 28.266667 | J5: ='All Time Table'!J5/'All Time Table'!$B5 -> 71.266667 | K5: 3
A6: Liverpool | B6: =COUNTIF('All Years'!$B$2:$B$607,A6) -> 30 | C6: ='All Time Table'!C6/'All Time Table'!$B6 -> 20.3 | D6: ='All Time Table'!D6/'All Time Table'!$B6 -> 9.4 | E6: ='All Time Table'!E6/'All Time Table'!$B6 -> 8.7 | F6: ='All Time Table'!F6/'All Time Table'!$B6 -> 38.4 | G6: ='All Time Table'!G6/'All Time Table'!$B6 -> 67.366667 | H6: ='All Time Table'!H6/'All Time Table'!$B6 -> 38.233333 | I6: ='All Time Table'!I6/'All Time Table'!$B6 -> 29.133333 | J6: ='All Time Table'!J6/'All Time Table'!$B6 -> 70.3 | K6: 4
A7: Manchester City | B7: =COUNTIF('All Years'!$B$2:$B$607,A7) -> 25 | C7: ='All Time Table'!C8/'All Time Table'!$B8 -> 18.92 | D7: ='All Time Table'!D8/'All Time Table'!$B8 -> 8.4 | E7: ='All Time Table'!E8/'All Time Table'!$B8 -> 11.16 | F7: ='All Time Table'!F8/'All Time Table'!$B8 -> 38.48 | G7: ='All Time Table'!G8/'All Time Table'!$B8 -> 66.32 | H7: ='All Time Table'!H8/'All Time Table'!$B8 -> 42.72 | I7: ='All Time Table'!I8/'All Time Table'!$B8 -> 23.6 | J7: ='All Time Table'!J8/'All Time Table'!$B8 -> 65.16 | K7: 5
A8: Tottenham | B8: =COUNTIF('All Years'!$B$2:$B$607,A8) -> 30 | C8: ='All Time Table'!C7/'All Time Table'!$B7 -> 16.7 | D8: ='All Time Table'!D7/'All Time Table'!$B7 -> 9.3666667 | E8: ='All Time Table'!E7/'All Time Table'!$B7 -> 12.3 | F8: ='All Time Table'!F7/'All Time Table'!$B7 -> 38.366667 | G8: ='All Time Table'!G7/'All Time Table'!$B7 -> 58.133333 | H8: ='All Time Table'!H7/'All Time Table'!$B7 -> 47.933333 | I8: ='All Time Table'!I7/'All Time Table'!$B7 -> 10.2 | J8: ='All Time Table'!J7/'All Time Table'!$B7 -> 59.466667 | K8: 6
A9: Leeds | B9: =COUNTIF('All Years'!$B$2:$B$607,A9) -> 14 | C9: ='All Time Table'!C15/'All Time Table'!$B15 -> 15.428571 | D9: ='All Time Table'!D15/'All Time Table'!$B15 -> 10.071429 | E9: ='All Time Table'!E15/'All Time Table'!$B15 -> 13.357143 | F9: ='All Time Table'!F15/'All Time Table'!$B15 -> 38.857143 | G9: ='All Time Table'!G15/'All Time Table'!$B15 -> 53.214286 | H9: ='All Time Table'!H15/'All Time Table'!$B15 -> 50.428571 | I9: ='All Time Table'!I15/'All Time Table'!$B15 -> 2.7857143 | J9: ='All Time Table'!J15/'All Time Table'!$B15 -> 56.357143 | K9: 7
A10: Blackburn | B10: =COUNTIF('All Years'!$B$2:$B$607,A10) -> 18 | C10: ='All Time Table'!C14/'All Time Table'!$B14 -> 14.555556 | D10: ='All Time Table'!D14/'All Time Table'!$B14 -> 10.222222 | E10: ='All Time Table'!E14/'All Time Table'!$B14 -> 13.888889 | F10: ='All Time Table'!F14/'All Time Table'!$B14 -> 38.666667 | G10: ='All Time Table'!G14/'All Time Table'!$B14 -> 51.5 | H10: ='All Time Table'!H14/'All Time Table'!$B14 -> 50.388889 | I10: ='All Time Table'!I14/'All Time Table'!$B14 -> 1.1111111 | J10: ='All Time Table'!J14/'All Time Table'!$B14 -> 53.888889 | K10: 8
A11: Everton | B11: =COUNTIF('All Years'!$B$2:$B$607,A11) -> 30 | C11: ='All Time Table'!C9/'All Time Table'!$B9 -> 13.933333 | D11: ='All Time Table'!D9/'All Time Table'!$B9 -> 10.666667 | E11: ='All Time Table'!E9/'All Time Table'!$B9 -> 13.8 | F11: ='All Time Table'!F9/'All Time Table'!$B9 -> 38.4 | G11: ='All Time Table'!G9/'All Time Table'!$B9 -> 49.7 | H11: ='All Time Table'!H9/'All Time Table'!$B9 -> 49.366667 | I11: ='All Time Table'!I9/'All Time Table'!$B9 -> 0.33333333 | J11: ='All Time Table'!J9/'All Time Table'!$B9 -> 52.466667 | K11: 9
A12: Newcastle | B12: =COUNTIF('All Years'!$B$2:$B$607,A12) -> 27 | C12: ='All Time Table'!C10/'All Time Table'!$B10 -> 14.148148 | D12: ='All Time Table'!D10/'All Time Table'!$B10 -> 9.7777778 | E12: ='All Time Table'!E10/'All Time Table'!$B10 -> 14.37037 | F12: ='All Time Table'!F10/'All Time Table'!$B10 -> 38.296296 | G12: ='All Time Table'!G10/'All Time Table'!$B10 -> 51 | H12: ='All Time Table'!H10/'All Time Table'!$B10 -> 52.481481 | I12: ='All Time Table'!I10/'All Time Table'!$B10 -> -1.4814815 | J12: ='All Time Table'!J10/'All Time Table'!$B10 -> 52.222222 | K12: 10
A13: Aston Villa | B13: =COUNTIF('All Years'!$B$2:$B$607,A13) -> 27 | C13: ='All Time Table'!C11/'All Time Table'!$B11 -> 13.111111 | D13: ='All Time Table'!D11/'All Time Table'!$B11 -> 10.962963 | E13: ='All Time Table'!E11/'All Time Table'!$B11 -> 14.37037 | F13: ='All Time Table'!F11/'All Time Table'!$B11 -> 38.444444 | G13: ='All Time Table'!G11/'All Time Table'!$B11 -> 46.851852 | H13: ='All Time Table'!H11/'All Time Table'!$B11 -> 50.111111 | I13: ='All Time Table'!I11/'All Time Table'!$B11 -> -3.2592593 | J13: ='All Time Table'!J11/'All Time Table'!$B11 -> 50.296296 | K13: 11
A14: Leicester | B14: =COUNTIF('All Years'!$B$2:$B$607,A14) -> 16 | C14: ='All Time Table'!C16/'All Time Table'!$B16 -> 13.0625 | D14: ='All Time Table'!D16/'All Time Table'!$B16 -> 10 | E14: ='All Time Table'!E16/'All Time Table'!$B16 -> 15.1875 | F14: ='All Time Table'!F16/'All Time Table'!$B16 -> 38.25 | G14: ='All Time Table'!G16/'All Time Table'!$B16 -> 51.25 | H14: ='All Time Table'!H16/'All Time Table'!$B16 -> 54.25 | I14: ='All Time Table'!I16/'All Time Table'!$B16 -> -3 | J14: ='All Time Table'!J16/'All Time Table'!$B16 -> 49.1875 | K14: 12
A15: Sheffield Weds | B15: =COUNTIF('All Years'!$B$2:$B$607,A15) -> 8 | C15: ='All Time Table'!C26/'All Time Table'!$B26 -> 12.625 | D15: ='All Time Table'!D26/'All Time Table'!$B26 -> 11.125 | E15: ='All Time Table'!E26/'All Time Table'!$B26 -> 15.75 | F15: ='All Time Table'!F26/'All Time Table'!$B26 -> 39.5 | G15: ='All Time Table'!G26/'All Time Table'!$B26 -> 51.125 | H15: ='All Time Table'!H26/'All Time Table'!$B26 -> 56.625 | I15: ='All Time Table'!I26/'All Time Table'!$B26 -> -5.5 | J15: ='All Time Table'!J26/'All Time Table'!$B26 -> 49 | K15: 13
A16: Wimbledon FC | B16: =COUNTIF('All Years'!$B$2:$B$607,A16) -> 8 | C16: ='All Time Table'!C27/'All Time Table'!$B27 -> 12.375 | D16: ='All Time Table'!D27/'All Time Table'!$B27 -> 11.75 | E16: ='All Time Table'!E27/'All Time Table'!$B27 -> 15.375 | F16: ='All Time Table'!F27/'All Time Table'!$B27 -> 39.5 | G16: ='All Time Table'!G27/'All Time Table'!$B27 -> 48 | H16: ='All Time Table'!H27/'All Time Table'!$B27 -> 59 | I16: ='All Time Table'!I27/'All Time Table'!$B27 -> -11 | J16: ='All Time Table'!J27/'All Time Table'!$B27 -> 48.875 | K16: 14
A17: West Ham | B17: =COUNTIF('All Years'!$B$2:$B$607,A17) -> 26 | C17: ='All Time Table'!C12/'All Time Table'!$B12 -> 12.884615 | D17: ='All Time Table'!D12/'All Time Table'!$B12 -> 9.7307692 | E17: ='All Time Table'!E12/'All Time Table'!$B12 -> 15.692308 | F17: ='All Time Table'!F12/'All Time Table'!$B12 -> 38.307692 | G17: ='All Time Table'!G12/'All Time Table'!$B12 -> 47.5 | H17: ='All Time Table'!H12/'All Time Table'!$B12 -> 54.961538 | I17: ='All Time Table'!I12/'All Time Table'!$B12 -> -7.4615385 | J17: ='All Time Table'!J12/'All Time Table'!$B12 -> 48.384615 | K17: 15
A18: Nottingham Forest | B18: =COUNTIF('All Years'!$B$2:$B$607,A18) -> 5 | C18: ='All Time Table'!C38/'All Time Table'!$B38 -> 12 | D18: ='All Time Table'!D38/'All Time Table'!$B38 -> 11.8 | E18: ='All Time Table'!E38/'All Time Table'!$B38 -> 15.8 | F18: ='All Time Table'!F38/'All Time Table'!$B38 -> 39.6 | G18: ='All Time Table'!G38/'All Time Table'!$B38 -> 45.8 | H18: ='All Time Table'!H38/'All Time Table'!$B38 -> 57.4 | I18: ='All Time Table'!I38/'All Time Table'!$B38 -> -11.6 | J18: ='All Time Table'!J38/'All Time Table'!$B38 -> 47.8 | K18: 16
A19: Southampton | B19: =COUNTIF('All Years'!$B$2:$B$607,A19) -> 23 | C19: ='All Time Table'!C13/'All Time Table'!$B13 -> 11.913043 | D19: ='All Time Table'!D13/'All Time Table'!$B13 -> 10.478261 | E19: ='All Time Table'!E13/'All Time Table'!$B13 -> 16.130435 | F19: ='All Time Table'!F13/'All Time Table'!$B13 -> 38.521739 | G19: ='All Time Table'!G13/'All Time Table'!$B13 -> 46.869565 | H19: ='All Time Table'!H13/'All Time Table'!$B13 -> 55.73913 | I19: ='All Time Table'!I13/'All Time Table'!$B13 -> -8.8695652 | J19: ='All Time Table'!J13/'All Time Table'!$B13 -> 46.217391 | K19: 17
A20: Brentford | B20: =COUNTIF('All Years'!$B$2:$B$607,A20) -> 1 | C20: ='All Time Table'!C49/'All Time Table'!$B49 -> 13 | D20: ='All Time Table'!D49/'All Time Table'!$B49 -> 7 | E20: ='All Time Table'!E49/'All Time Table'!$B49 -> 18 | F20: ='All Time Table'!F49/'All Time Table'!$B49 -> 38 | G20: ='All Time Table'!G49/'All Time Table'!$B49 -> 48 | H20: ='All Time Table'!H49/'All Time Table'!$B49 -> 56 | I20: ='All Time Table'!I49/'All Time Table'!$B49 -> -8 | J20: ='All Time Table'!J49/'All Time Table'!$B49 -> 46 | K20: 18
A21: Stoke City | B21: =COUNTIF('All Years'!$B$2:$B$607,A21) -> 10 | C21: ='All Time Table'!C23/'All Time Table'!$B23 -> 11.6 | D21: ='All Time Table'!D23/'All Time Table'!$B23 -> 10.9 | E21: ='All Time Table'!E23/'All Time Table'!$B23 -> 15.5 | F21: ='All Time Table'!F23/'All Time Table'!$B23 -> 38 | G21: ='All Time Table'!G23/'All Time Table'!$B23 -> 39.8 | H21: ='All Time Table'!H23/'All Time Table'!$B23 -> 52.5 | I21: ='All Time Table'!I23/'All Time Table'!$B23 -> -12.7 | J21: ='All Time Table'!J23/'All Time Table'!$B23 -> 45.7 | K21: 19
A22: Coventry | B22: =COUNTIF('All Years'!$B$2:$B$607,A22) -> 9 | C22: ='All Time Table'!C24/'All Time Table'!$B24 -> 11 | D22: ='All Time Table'!D24/'All Time Table'!$B24 -> 12.444444 | E22: ='All Time Table'!E24/'All Time Table'!$B24 -> 15.888889 | F22: ='All Time Table'!F24/'All Time Table'!$B24 -> 39.333333 | G22: ='All Time Table'!G24/'All Time Table'!$B24 -> 43 | H22: ='All Time Table'!H24/'All Time Table'!$B24 -> 54.444444 | I22: ='All Time Table'!I24/'All Time Table'!$B24 -> -11.444444 | J22: ='All Time Table'!J24/'All Time Table'!$B24 -> 45.444444 | K22: 20
A23: Charlton | B23: =COUNTIF('All Years'!$B$2:$B$607,A23) -> 8 | C23: ='All Time Table'!C28/'All Time Table'!$B28 -> 11.625 | D23: ='All Time Table'!D28/'All Time Table'!$B28 -> 10.25 | E23: ='All Time Table'!E28/'All Time Table'!$B28 -> 16.125 | F23: ='All Time Table'!F28/'All Time Table'!$B28 -> 38 | G23: ='All Time Table'!G28/'All Time Table'!$B28 -> 42.75 | H23: ='All Time Table'!H28/'All Time Table'!$B28 -> 55.25 | I23: ='All Time Table'!I28/'All Time Table'!$B28 -> -12.5 | J23: ='All Time Table'!J28/'All Time Table'!$B28 -> 45.125 | K23: 21
A24: Ipswich | B24: =COUNTIF('All Years'!$B$2:$B$607,A24) -> 5 | C24: ='All Time Table'!C39/'All Time Table'!$B39 -> 11.4 | D24: ='All Time Table'!D39/'All Time Table'!$B39 -> 10.6 | E24: ='All Time Table'!E39/'All Time Table'!$B39 -> 18.4 | F24: ='All Time Table'!F39/'All Time Table'!$B39 -> 40.4 | G24: ='All Time Table'!G39/'All Time Table'!$B39 -> 43.8 | H24: ='All Time Table'!H39/'All Time Table'!$B39 -> 62.4 | I24: ='All Time Table'!I39/'All Time Table'!$B39 -> -18.6 | J24: ='All Time Table'!J39/'All Time Table'!$B39 -> 44.8 | K24: 22
A25: Swansea | B25: =COUNTIF('All Years'!$B$2:$B$607,A25) -> 7 | C25: ='All Time Table'!C32/'All Time Table'!$B32 -> 11.714286 | D25: ='All Time Table'!D32/'All Time Table'!$B32 -> 9.4285714 | E25: ='All Time Table'!E32/'All Time Table'!$B32 -> 16.857143 | F25: ='All Time Table'!F32/'All Time Table'!$B32 -> 38 | G25: ='All Time Table'!G32/'All Time Table'!$B32 -> 43.714286 | H25: ='All Time Table'!H32/'All Time Table'!$B32 -> 54.714286 | I25: ='All Time Table'!I32/'All Time Table'!$B32 -> -11 | J25: ='All Time Table'!J32/'All Time Table'!$B32 -> 44.571429 | K25: 23
A26: Oldham | B26: =COUNTIF('All Years'!$B$2:$B$607,A26) -> 2 | C26: ='All Time Table'!C45/'All Time Table'!$B45 -> 11 | D26: ='All Time Table'!D45/'All Time Table'!$B45 -> 11.5 | E26: ='All Time Table'!E45/'All Time Table'!$B45 -> 19.5 | F26: ='All Time Table'!F45/'All Time Table'!$B45 -> 42 | G26: ='All Time Table'!G45/'All Time Table'!$B45 -> 52.5 | H26: ='All Time Table'!H45/'All Time Table'!$B45 -> 71 | I26: ='All Time Table'!I45/'All Time Table'!$B45 -> -18.5 | J26: ='All Time Table'!J45/'All Time Table'!$B45 -> 44.5 | K26: 24
A27: Middlesbrough | B27: =COUNTIF('All Years'!$B$2:$B$607,A27) -> 15 | C27: ='All Time Table'!C17/'All Time Table'!$B17 -> 11 | D27: ='All Time Table'!D17/'All Time Table'!$B17 -> 11.266667 | E27: ='All Time Table'!E17/'All Time Table'!$B17 -> 16 | F27: ='All Time Table'!F17/'All Time Table'!$B17 -> 38.266667 | G27: ='All Time Table'!G17/'All Time Table'!$B17 -> 43.2 | H27: ='All Time Table'!H17/'All Time Table'!$B17 -> 52.933333 | I27: ='All Time Table'!I17/'All Time Table'!$B17 -> -9.7333333 | J27: ='All Time Table'!J17/'All Time Table'!$B17 -> 44.266667 | K27: 25
A28: Bolton | B28: =COUNTIF('All Years'!$B$2:$B$607,A28) -> 13 | C28: ='All Time Table'!C20/'All Time Table'!$B20 -> 11.461538 | D28: ='All Time Table'!D20/'All Time Table'!$B20 -> 9.8461538 | E28: ='All Time Table'!E20/'All Time Table'!$B20 -> 16.692308 | F28: ='All Time Table'!F20/'All Time Table'!$B20 -> 38 | G28: ='All Time Table'!G20/'All Time Table'!$B20 -> 44.230769 | H28: ='All Time Table'!H20/'All Time Table'!$B20 -> 57.307692 | I28: ='All Time Table'!I20/'All Time Table'!$B20 -> -13.076923 | J28: ='All Time Table'!J20/'All Time Table'!$B20 -> 44.230769 | K28: 26
A29: QPR | B29: =COUNTIF('All Years'!$B$2:$B$607,A29) -> 7 | C29: ='All Time Table'!C33/'All Time Table'!$B33 -> 11.571429 | D29: ='All Time Table'!D33/'All Time Table'!$B33 -> 9.2857143 | E29: ='All Time Table'!E33/'All Time Table'!$B33 -> 18.857143 | F29: ='All Time Table'!F33/'All Time Table'!$B33 -> 39.714286 | G29: ='All Time Table'!G33/'All Time Table'!$B33 -> 48.428571 | H29: ='All Time Table'!H33/'All Time Table'!$B33 -> 61.571429 | I29: ='All Time Table'!I33/'All Time Table'!$B33 -> -13.142857 | J29: ='All Time Table'!J33/'All Time Table'!$B33 -> 44 | K29: 27
A30: Wolves | B30: =COUNTIF('All Years'!$B$2:$B$607,A30) -> 8 | C30: ='All Time Table'!C29/'All Time Table'!$B29 -> 11.25 | D30: ='All Time Table'!D29/'All Time Table'!$B29 -> 9.75 | E30: ='All Time Table'!E29/'All Time Table'!$B29 -> 17 | F30: ='All Time Table'!F29/'All Time Table'!$B29 -> 38 | G30: ='All Time Table'!G29/'All Time Table'!$B29 -> 41 | H30: ='All Time Table'!H29/'All Time Table'!$B29 -> 57.75 | I30: ='All Time Table'!I29/'All Time Table'!$B29 -> -16.75 | J30: ='All Time Table'!J29/'All Time Table'!$B29 -> 43.5 | K30: 28
A31: Crystal Palace | B31: =COUNTIF('All Years'!$B$2:$B$607,A31) -> 13 | C31: ='All Time Table'!C21/'All Time Table'!$B21 -> 11.153846 | D31: ='All Time Table'!D21/'All Time Table'!$B21 -> 9.9230769 | E31: ='All Time Table'!E21/'All Time Table'!$B21 -> 17.538462 | F31: ='All Time Table'!F21/'All Time Table'!$B21 -> 38.615385 | G31: ='All Time Table'!G21/'All Time Table'!$B21 -> 42.076923 | H31: ='All Time Table'!H21/'All Time Table'!$B21 -> 55.846154 | I31: ='All Time Table'!I21/'All Time Table'!$B21 -> -13.769231 | J31: ='All Time Table'!J21/'All Time Table'!$B21 -> 43.384615 | K31: 29
A32: Portsmouth | B32: =COUNTIF('All Years'!$B$2:$B$607,A32) -> 7 | C32: ='All Time Table'!C34/'All Time Table'!$B34 -> 11.285714 | D32: ='All Time Table'!D34/'All Time Table'!$B34 -> 9.2857143 | E32: ='All Time Table'!E34/'All Time Table'!$B34 -> 17.428571 | F32: ='All Time Table'!F34/'All Time Table'!$B34 -> 38 | G32: ='All Time Table'!G34/'All Time Table'!$B34 -> 41.714286 | H32: ='All Time Table'!H34/'All Time Table'!$B34 -> 54.285714 | I32: ='All Time Table'!I34/'All Time Table'!$B34 -> -12.571429 | J32: ='All Time Table'!J34/'All Time Table'!$B34 -> 43.142857 | K32: 30
A33: Birmingham | B33: =COUNTIF('All Years'!$B$2:$B$607,A33) -> 7 | C33: ='All Time Table'!C35/'All Time Table'!$B35 -> 10.428571 | D33: ='All Time Table'!D35/'All Time Table'!$B35 -> 11.714286 | E33: ='All Time Table'!E35/'All Time Table'!$B35 -> 15.857143 | F33: ='All Time Table'!F35/'All Time Table'!$B35 -> 38 | G33: ='All Time Table'!G35/'All Time Table'!$B35 -> 39 | H33: ='All Time Table'!H35/'All Time Table'!$B35 -> 51.428571 | I33: ='All Time Table'!I35/'All Time Table'!$B35 -> -12.428571 | J33: ='All Time Table'!J35/'All Time Table'!$B35 -> 43 | K33: 31
A34: Fulham | B34: =COUNTIF('All Years'!$B$2:$B$607,A34) -> 15 | C34: ='All Time Table'!C18/'All Time Table'!$B18 -> 10.8 | D34: ='All Time Table'!D18/'All Time Table'!$B18 -> 10.266667 | E34: ='All Time Table'!E18/'All Time Table'!$B18 -> 16.933333 | F34: ='All Time Table'!F18/'All Time Table'!$B18 -> 38 | G34: ='All Time Table'!G18/'All Time Table'!$B18 -> 42.066667 | H34: ='All Time Table'!H18/'All Time Table'!$B18 -> 55.466667 | I34: ='All Time Table'!I18/'All Time Table'!$B18 -> -13.4 | J34: ='All Time Table'!J18/'All Time Table'!$B18 -> 42.666667 | K34: 32
A35: Bournemouth | B35: =COUNTIF('All Years'!$B$2:$B$607,A35) -> 5 | C35: ='All Time Table'!C40/'All Time Table'!$B40 -> 11.2 | D35: ='All Time Table'!D40/'All Time Table'!$B40 -> 8.6 | E35: ='All Time Table'!E40/'All Time Table'!$B40 -> 18.2 | F35: ='All Time Table'!F40/'All Time Table'!$B40 -> 38 | G35: ='All Time Table'!G40/'All Time Table'!$B40 -> 48.2 | H35: ='All Time Table'!H40/'All Time Table'!$B40 -> 66 | I35: ='All Time Table'!I40/'All Time Table'!$B40 -> -17.8 | J35: ='All Time Table'!J40/'All Time Table'!$B40 -> 42.2 | K35: 33
A36: Brighton | B36: =COUNTIF('All Years'!$B$2:$B$607,A36) -> 5 | C36: ='All Time Table'!C41/'All Time Table'!$B41 -> 9.6 | D36: ='All Time Table'!D41/'All Time Table'!$B41 -> 13 | E36: ='All Time Table'!E41/'All Time Table'!$B41 -> 15.4 | F36: ='All Time Table'!F41/'All Time Table'!$B41 -> 38 | G36: ='All Time Table'!G41/'All Time Table'!$B41 -> 38 | H36: ='All Time Table'!H41/'All Time Table'!$B41 -> 51.6 | I36: ='All Time Table'!I41/'All Time Table'!$B41 -> -13.6 | J36: ='All Time Table'!J41/'All Time Table'!$B41 -> 41.8 | K36: 34
A37: Sheffield United | B37: =COUNTIF('All Years'!$B$2:$B$607,A37) -> 5 | C37: ='All Time Table'!C42/'All Time Table'!$B42 -> 10.6 | D37: ='All Time Table'!D42/'All Time Table'!$B42 -> 10 | E37: ='All Time Table'!E42/'All Time Table'!$B42 -> 19 | F37: ='All Time Table'!F42/'All Time Table'!$B42 -> 39.6 | G37: ='All Time Table'!G42/'All Time Table'!$B42 -> 37.4 | H37: ='All Time Table'!H42/'All Time Table'!$B42 -> 54 | I37: ='All Time Table'!I42/'All Time Table'!$B42 -> -16.6 | J37: ='All Time Table'!J42/'All Time Table'!$B42 -> 41.8 | K37: 35
A38: Wigan | B38: =COUNTIF('All Years'!$B$2:$B$607,A38) -> 8 | C38: ='All Time Table'!C30/'All Time Table'!$B30 -> 10.625 | D38: ='All Time Table'!D30/'All Time Table'!$B30 -> 9.5 | E38: ='All Time Table'!E30/'All Time Table'!$B30 -> 17.875 | F38: ='All Time Table'!F30/'All Time Table'!$B30 -> 38 | G38: ='All Time Table'!G30/'All Time Table'!$B30 -> 39.5 | H38: ='All Time Table'!H30/'All Time Table'!$B30 -> 60.25 | I38: ='All Time Table'!I30/'All Time Table'!$B30 -> -20.75 | J38: ='All Time Table'!J30/'All Time Table'!$B30 -> 41.375 | K38: 36
A39: Burnley | B39: =COUNTIF('All Years'!$B$2:$B$607,A39) -> 8 | C39: ='All Time Table'!C31/'All Time Table'!$B31 -> 10.375 | D39: ='All Time Table'!D31/'All Time Table'!$B31 -> 9.5 | E39: ='All Time Table'!E31/'All Time Table'!$B31 -> 18.125 | F39: ='All Time Table'!F31/'All Time Table'!$B31 -> 38 | G39: ='All Time Table'!G31/'All Time Table'!$B31 -> 37.5 | H39: ='All Time Table'!H31/'All Time Table'!$B31 -> 56.875 | I39: ='All Time Table'!I31/'All Time Table'!$B31 -> -19.375 | J39: ='All Time Table'!J31/'All Time Table'!$B31 -> 40.625 | K39: 37
A40: Norwich | B40: =COUNTIF('All Years'!$B$2:$B$607,A40) -> 10 | C40: ='All Time Table'!C25/'All Time Table'!$B25 -> 9.9 | D40: ='All Time Table'!D25/'All Time Table'!$B25 -> 10.5 | E40: ='All Time Table'!E25/'All Time Table'!$B25 -> 18.8 | F40: ='All Time Table'!F25/'All Time Table'!$B25 -> 39.2 | G40: ='All Time Table'!G25/'All Time Table'!$B25 -> 41.4 | H40: ='All Time Table'!H25/'All Time Table'!$B25 -> 66.9 | I40: ='All Time Table'!I25/'All Time Table'!$B25 -> -25.5 | J40: ='All Time Table'!J25/'All Time Table'!$B25 -> 40.2 | K40: 38
A41: Reading | B41: =COUNTIF('All Years'!$B$2:$B$607,A41) -> 3 | C41: ='All Time Table'!C44/'All Time Table'!$B44 -> 10.666667 | D41: ='All Time Table'!D44/'All Time Table'!$B44 -> 7.6666667 | E41: ='All Time Table'!E44/'All Time Table'!$B44 -> 19.666667 | F41: ='All Time Table'!F44/'All Time Table'!$B44 -> 38 | G41: ='All Time Table'!G44/'All Time Table'!$B44 -> 45.333333 | H41: ='All Time Table'!H44/'All Time Table'!$B44 -> 62 | I41: ='All Time Table'!I44/'All Time Table'!$B44 -> -16.666667 | J41: ='All Time Table'!J44/'All Time Table'!$B44 -> 39.666667 | K41: 39
A42: Derby | B42: =COUNTIF('All Years'!$B$2:$B$607,A42) -> 7 | C42: ='All Time Table'!C37/'All Time Table'!$B37 -> 9.7142857 | D42: ='All Time Table'!D37/'All Time Table'!$B37 -> 10 | E42: ='All Time Table'!E37/'All Time Table'!$B37 -> 18.285714 | F42: ='All Time Table'!F37/'All Time Table'!$B37 -> 38 | G42: ='All Time Table'!G37/'All Time Table'!$B37 -> 38.714286 | H42: ='All Time Table'!H37/'All Time Table'!$B37 -> 60 | I42: ='All Time Table'!I37/'All Time Table'!$B37 -> -21.285714 | J42: ='All Time Table'!J37/'All Time Table'!$B37 -> 39.142857 | K42: 40
A43: Blackpool | B43: =COUNTIF('All Years'!$B$2:$B$607,A43) -> 1 | C43: ='All Time Table'!C50/'All Time Table'!$B50 -> 10 | D43: ='All Time Table'!D50/'All Time Table'!$B50 -> 9 | E43: ='All Time Table'!E50/'All Time Table'!$B50 -> 19 | F43: ='All Time Table'!F50/'All Time Table'!$B50 -> 38 | G43: ='All Time Table'!G50/'All Time Table'!$B50 -> 55 | H43: ='All Time Table'!H50/'All Time Table'!$B50 -> 78 | I43: ='All Time Table'!I50/'All Time Table'!$B50 -> -23 | J43: ='All Time Table'!J50/'All Time Table'!$B50 -> 39 | K43: 41
A44: Sunderland | B44: =COUNTIF('All Years'!$B$2:$B$607,A44) -> 16 | C44: ='All Time Table'!C19/'All Time Table'!$B19 -> 9.5625 | D44: ='All Time Table'!D19/'All Time Table'!$B19 -> 9.9375 | E44: ='All Time Table'!E19/'All Time Table'!$B19 -> 18.5 | F44: ='All Time Table'!F19/'All Time Table'!$B19 -> 38 | G44: ='All Time Table'!G19/'All Time Table'!$B19 -> 38.25 | H44: ='All Time Table'!H19/'All Time Table'!$B19 -> 56.5 | I44: ='All Time Table'!I19/'All Time Table'!$B19 -> -18.25 | J44: ='All Time Table'!J19/'All Time Table'!$B19 -> 38.625 | K44: 42
A45: West Brom | B45: =COUNTIF('All Years'!$B$2:$B$607,A45) -> 13 | C45: ='All Time Table'!C22/'All Time Table'!$B22 -> 9 | D45: ='All Time Table'!D22/'All Time Table'!$B22 -> 10.692308 | E45: ='All Time Table'!E22/'All Time Table'!$B22 -> 18.307692 | F45: ='All Time Table'!F22/'All Time Table'!$B22 -> 38 | G45: ='All Time Table'!G22/'All Time Table'!$B22 -> 39.307692 | H45: ='All Time Table'!H22/'All Time Table'!$B22 -> 59.384615 | I45: ='All Time Table'!I22/'All Time Table'!$B22 -> -20.076923 | J45: ='All Time Table'!J22/'All Time Table'!$B22 -> 37.692308 | K45: 43
A46: Watford | B46: =COUNTIF('All Years'!$B$2:$B$607,A46) -> 8 | C46: ='All Time Table'!C36/'All Time Table'!$B36 -> 9.125 | D46: ='All Time Table'!D36/'All Time Table'!$B36 -> 8.25 | E46: ='All Time Table'!E36/'All Time Table'!$B36 -> 20.625 | F46: ='All Time Table'!F36/'All Time Table'!$B36 -> 38 | G46: ='All Time Table'!G36/'All Time Table'!$B36 -> 38.75 | H46: ='All Time Table'!H36/'All Time Table'!$B36 -> 64.75 | I46: ='All Time Table'!I36/'All Time Table'!$B36 -> -26 | J46: ='All Time Table'!J36/'All Time Table'!$B36 -> 35.625 | K46: 44
A47: Barnsley | B47: =COUNTIF('All Years'!$B$2:$B$607,A47) -> 1 | C47: ='All Time Table'!C51/'All Time Table'!$B51 -> 10 | D47: ='All Time Table'!D51/'All Time Table'!$B51 -> 5 | E47: ='All Time Table'!E51/'All Time Table'!$B51 -> 23 | F47: ='All Time Table'!F51/'All Time Table'!$B51 -> 38 | G47: ='All Time Table'!G51/'All Time Table'!$B51 -> 37 | H47: ='All Time Table'!H51/'All Time Table'!$B51 -> 82 | I47: ='All Time Table'!I51/'All Time Table'!$B51 -> -45 | J47: ='All Time Table'!J51/'All Time Table'!$B51 -> 35 | K47: 45
A48: Hull | B48: =COUNTIF('All Years'!$B$2:$B$607,A48) -> 5 | C48: ='All Time Table'!C43/'All Time Table'!$B43 -> 8.2 | D48: ='All Time Table'!D43/'All Time Table'!$B43 -> 9.6 | E48: ='All Time Table'!E43/'All Time Table'!$B43 -> 20.2 | F48: ='All Time Table'!F43/'All Time Table'!$B43 -> 38 | G48: ='All Time Table'!G43/'All Time Table'!$B43 -> 36.2 | H48: ='All Time Table'!H43/'All Time Table'!$B43 -> 64.6 | I48: ='All Time Table'!I43/'All Time Table'!$B43 -> -28.4 | J48: ='All Time Table'!J43/'All Time Table'!$B43 -> 34.2 | K48: 46
A49: Cardiff | B49: =COUNTIF('All Years'!$B$2:$B$607,A49) -> 2 | C49: ='All Time Table'!C46/'All Time Table'!$B46 -> 8.5 | D49: ='All Time Table'!D46/'All Time Table'!$B46 -> 6.5 | E49: ='All Time Table'!E46/'All Time Table'!$B46 -> 23 | F49: ='All Time Table'!F46/'All Time Table'!$B46 -> 38 | G49: ='All Time Table'!G46/'All Time Table'!$B46 -> 33 | H49: ='All Time Table'!H46/'All Time Table'!$B46 -> 71.5 | I49: ='All Time Table'!I46/'All Time Table'!$B46 -> -38.5 | J49: ='All Time Table'!J46/'All Time Table'!$B46 -> 32 | K49: 47
A50: Bradford | B50: =COUNTIF('All Years'!$B$2:$B$607,A50) -> 2 | C50: ='All Time Table'!C47/'All Time Table'!$B47 -> 7 | D50: ='All Time Table'!D47/'All Time Table'!$B47 -> 10 | E50: ='All Time Table'!E47/'All Time Table'!$B47 -> 21 | F50: ='All Time Table'!F47/'All Time Table'!$B47 -> 38 | G50: ='All Time Table'!G47/'All Time Table'!$B47 -> 34 | H50: ='All Time Table'!H47/'All Time Table'!$B47 -> 69 | I50: ='All Time Table'!I47/'All Time Table'!$B47 -> -35 | J50: ='All Time Table'!J47/'All Time Table'!$B47 -> 31 | K50: 48
A51: Swindon | B51: =COUNTIF('All Years'!$B$2:$B$607,A51) -> 1 | C51: ='All Time Table'!C52/'All Time Table'!$B52 -> 5 | D51: ='All Time Table'!D52/'All Time Table'!$B52 -> 15 | E51: ='All Time Table'!E52/'All Time Table'!$B52 -> 22 | F51: ='All Time Table'!F52/'All Time Table'!$B52 -> 42 | G51: ='All Time Table'!G52/'All Time Table'!$B52 -> 47 | H51: ='All Time Table'!H52/'All Time Table'!$B52 -> 100 | I51: ='All Time Table'!I52/'All Time Table'!$B52 -> -53 | J51: ='All Time Table'!J52/'All Time Table'!$B52 -> 30 | K51: 49
A52: Huddersfield Town | B52: =COUNTIF('All Years'!$B$2:$B$607,A52) -> 2 | C52: ='All Time Table'!C48/'All Time Table'!$B48 -> 6 | D52: ='All Time Table'!D48/'All Time Table'!$B48 -> 8.5 | E52: ='All Time Table'!E48/'All Time Table'!$B48 -> 23.5 | F52: ='All Time Table'!F48/'All Time Table'!$B48 -> 38 | G52: ='All Time Table'!G48/'All Time Table'!$B48 -> 25 | H52: ='All Time Table'!H48/'All Time Table'!$B48 -> 67 | I52: ='All Time Table'!I48/'All Time Table'!$B48 -> -42 | J52: ='All Time Table'!J48/'All Time Table'!$B48 -> 26.5 | K52: 50

Sheet All Years
A1: Season | B1: Team | C1: Wins | D1: Draws | E1: Losses | F1: Games Played | G1: Goals For | H1: Goals Against | I1: Goal Difference | J1: Points | K1: Position
A2: 1992-1993 | B2: ='1992-1993'!M2 -> Manchester United | C2: ='1992-1993'!N2 -> 24 | D2: ='1992-1993'!O2 -> 12 | E2: ='1992-1993'!P2 -> 6 | F2: ='1992-1993'!Q2 -> 42 | G2: ='1992-1993'!R2 -> 67 | H2: ='1992-1993'!S2 -> 31 | I2: ='1992-1993'!T2 -> 36 | ... K2: ='1992-1993'!V2 -> 1
A3: 1992-1993 | B3: ='1992-1993'!M3 -> Aston Villa | C3: ='1992-1993'!N3 -> 21 | D3: ='1992-1993'!O3 -> 11 | E3: ='1992-1993'!P3 -> 10 | F3: ='1992-1993'!Q3 -> 42 | G3: ='1992-1993'!R3 -> 57 | H3: ='1992-1993'!S3 -> 40 | I3: ='1992-1993'!T3 -> 17 | ... K3: ='1992-1993'!V3 -> 2
A4: 1992-1993 | B4: ='1992-1993'!M4 -> Norwich | C4: ='1992-1993'!N4 -> 21 | D4: ='1992-1993'!O4 -> 9 | E4: ='1992-1993'!P4 -> 12 | F4: ='1992-1993'!Q4 -> 42 | G4: ='1992-1993'!R4 -> 61 | H4: ='1992-1993'!S4 -> 65 | I4: ='1992-1993'!T4 -> -4 | ... K4: ='1992-1993'!V4 -> 3
A5: 1992-1993 | B5: ='1992-1993'!M5 -> Blackburn | C5: ='1992-1993'!N5 -> 20 | D5: ='1992-1993'!O5 -> 11 | E5: ='1992-1993'!P5 -> 11 | F5: ='1992-1993'!Q5 -> 42 | G5: ='1992-1993'!R5 -> 68 | H5: ='1992-1993'!S5 -> 46 | I5: ='1992-1993'!T5 -> 22 | ... K5: ='1992-1993'!V5 -> 4
A6: 1992-1993 | B6: ='1992-1993'!M6 -> QPR | C6: ='1992-1993'!N6 -> 17 | D6: ='1992-1993'!O6 -> 12 | E6: ='1992-1993'!P6 -> 13 | F6: ='1992-1993'!Q6 -> 42 | G6: ='1992-1993'!R6 -> 63 | H6: ='1992-1993'!S6 -> 55 | I6: ='1992-1993'!T6 -> 8 | ... K6: ='1992-1993'!V6 -> 5
A7: 1992-1993 | B7: ='1992-1993'!M7 -> Liverpool | C7: ='1992-1993'!N7 -> 16 | D7: ='1992-1993'!O7 -> 11 | E7: ='1992-1993'!P7 -> 15 | F7: ='1992-1993'!Q7 -> 42 | G7: ='1992-1993'!R7 -> 62 | H7: ='1992-1993'!S7 -> 55 | I7: ='1992-1993'!T7 -> 7 | ... K7: ='1992-1993'!V7 -> 6
A8: 1992-1993 | B8: ='1992-1993'!M8 -> Sheffield Weds | C8: ='1992-1993'!N8 -> 15 | D8: ='1992-1993'!O8 -> 14 | E8: ='1992-1993'!P8 -> 13 | F8: ='1992-1993'!Q8 -> 42 | G8: ='1992-1993'!R8 -> 55 | H8: ='1992-1993'!S8 -> 51 | I8: ='1992-1993'!T8 -> 4 | ... K8: ='1992-1993'!V8 -> 7
A9: 1992-1993 | B9: ='1992-1993'!M9 -> Tottenham | C9: ='1992-1993'!N9 -> 16 | D9: ='1992-1993'!O9 -> 11 | E9: ='1992-1993'!P9 -> 15 | F9: ='1992-1993'!Q9 -> 42 | G9: ='1992-1993'!R9 -> 60 | H9: ='1992-1993'!S9 -> 66 | I9: ='1992-1993'!T9 -> -6 | ... K9: ='1992-1993'!V9 -> 8
A10: 1992-1993 | B10: ='1992-1993'!M10 -> Manchester City | C10: ='1992-1993'!N10 -> 15 | D10: ='1992-1993'!O10 -> 12 | E10: ='1992-1993'!P10 -> 15 | F10: ='1992-1993'!Q10 -> 42 | G10: ='1992-1993'!R10 -> 56 | H10: ='1992-1993'!S10 -> 51 | I10: ='1992-1993'!T10 -> 5 | ... K10: ='1992-1993'!V10 -> 9
A11: 1992-1993 | B11: ='1992-1993'!M11 -> Arsenal | C11: ='1992-1993'!N11 -> 15 | D11: ='1992-1993'!O11 -> 11 | E11: ='1992-1993'!P11 -> 16 | F11: ='1992-1993'!Q11 -> 42 | G11: ='1992-1993'!R11 -> 40 | H11: ='1992-1993'!S11 -> 38 | I11: ='1992-1993'!T11 -> 2 | ... K11: ='1992-1993'!V11 -> 10
A12: 1992-1993 | B12: ='1992-1993'!M12 -> Chelsea | C12: ='1992-1993'!N12 -> 14 | D12: ='1992-1993'!O12 -> 14 | E12: ='1992-1993'!P12 -> 14 | F12: ='1992-1993'!Q12 -> 42 | G12: ='1992-1993'!R12 -> 51 | H12: ='1992-1993'!S12 -> 54 | I12: ='1992-1993'!T12 -> -3 | ... K12: ='1992-1993'!V12 -> 11
A13: 1992-1993 | B13: ='1992-1993'!M13 -> Wimbledon FC | C13: ='1992-1993'!N13 -> 14 | D13: ='1992-1993'!O13 -> 12 | E13: ='1992-1993'!P13 -> 16 | F13: ='1992-1993'!Q13 -> 42 | G13: ='1992-1993'!R13 -> 56 | H13: ='1992-1993'!S13 -> 55 | I13: ='1992-1993'!T13 -> 1 | ... K13: ='1992-1993'!V13 -> 12
... A23: 1992-1993 | B23: ='1992-1993'!M23 -> Nottingham Forest | C23: ='1992-1993'!N23 -> 10 | D23: ='1992-1993'!O23 -> 10 | E23: ='1992-1993'!P23 -> 22 | F23: ='1992-1993'!Q23 -> 42 | G23: ='1992-1993'!R23 -> 41 | H23: ='1992-1993'!S23 -> 62 | I23: ='1992-1993'!T23 -> -21 | ... K23: ='1992-1993'!V23 -> 22
A24: 1993-1994 | B24: ='1993-1994'!M2 -> Manchester United | C24: ='1993-1994'!N2 -> 27 | D24: ='1993-1994'!O2 -> 11 | E24: ='1993-1994'!P2 -> 4 | F24: ='1993-1994'!Q2 -> 42 | G24: ='1993-1994'!R2 -> 80 | H24: ='1993-1994'!S2 -> 38 | I24: ='1993-1994'!T2 -> 42 | ... K24: ='1993-1994'!V2 -> 1
A25: 1993-1994 | B25: ='1993-1994'!M3 -> Blackburn | C25: ='1993-1994'!N3 -> 25 | D25: ='1993-1994'!O3 -> 9 | E25: ='1993-1994'!P3 -> 8 | F25: ='1993-1994'!Q3 -> 42 | G25: ='1993-1994'!R3 -> 63 | H25: ='1993-1994'!S3 -> 36 | I25: ='1993-1994'!T3 -> 27 | ... K25: ='1993-1994'!V3 -> 2
A26: 1993-1994 | B26: ='1993-1994'!M4 -> Newcastle | C26: ='1993-1994'!N4 -> 23 | D26: ='1993-1994'!O4 -> 8 | E26: ='1993-1994'!P4 -> 11 | F26: ='1993-1994'!Q4 -> 42 | G26: ='1993-1994'!R4 -> 82 | H26: ='1993-1994'!S4 -> 41 | I26: ='1993-1994'!T4 -> 41 | ... K26: ='1993-1994'!V4 -> 3
A27: 1993-1994 | B27: ='1993-1994'!M5 -> Arsenal | C27: ='1993-1994'!N5 -> 18 | D27: ='1993-1994'!O5 -> 17 | E27: ='1993-1994'!P5 -> 7 | F27: ='1993-1994'!Q5 -> 42 | G27: ='1993-1994'!R5 -> 53 | H27: ='1993-1994'!S5 -> 28 | I27: ='1993-1994'!T5 -> 25 | ... K27: ='1993-1994'!V5 -> 4
A28: 1993-1994 | B28: ='1993-1994'!M6 -> Leeds | C28: ='1993-1994'!N6 -> 18 | D28: ='1993-1994'!O6 -> 16 | E28: ='1993-1994'!P6 -> 8 | F28: ='1993-1994'!Q6 -> 42 | G28: ='1993-1994'!R6 -> 65 | H28: ='1993-1994'!S6 -> 39 | I28: ='1993-1994'!T6 -> 26 | ... K28: ='1993-1994'!V6 -> 5
A29: 1993-1994 | B29: ='1993-1994'!M7 -> Wimbledon FC | C29: ='1993-1994'!N7 -> 18 | D29: ='1993-1994'!O7 -> 11 | E29: ='1993-1994'!P7 -> 13 | F29: ='1993-1994'!Q7 -> 42 | G29: ='1993-1994'!R7 -> 56 | H29: ='1993-1994'!S7 -> 53 | I29: ='1993-1994'!T7 -> 3 | ... K29: ='1993-1994'!V7 -> 6
A30: 1993-1994 | B30: ='1993-1994'!M8 -> Sheffield Weds | C30: ='1993-1994'!N8 -> 16 | D30: ='1993-1994'!O8 -> 16 | E30: ='1993-1994'!P8 -> 10 | F30: ='1993-1994'!Q8 -> 42 | G30: ='1993-1994'!R8 -> 76 | H30: ='1993-1994'!S8 -> 54 | I30: ='1993-1994'!T8 -> 22 | ... K30: ='1993-1994'!V8 -> 7
A31: 1993-1994 | B31: ='1993-1994'!M9 -> Liverpool | C31: ='1993-1994'!N9 -> 17 | D31: ='1993-1994'!O9 -> 9 | E31: ='1993-1994'!P9 -> 16 | F31: ='1993-1994'!Q9 -> 42 | G31: ='1993-1994'!R9 -> 59 | H31: ='1993-1994'!S9 -> 55 | I31: ='1993-1994'!T9 -> 4 | ... K31: ='1993-1994'!V9 -> 8
A32: 1993-1994 | B32: ='1993-1994'!M10 -> QPR | C32: ='1993-1994'!N10 -> 16 | D32: ='1993-1994'!O10 -> 12 | E32: ='1993-1994'!P10 -> 14 | F32: ='1993-1994'!Q10 -> 42 | G32: ='1993-1994'!R10 -> 62 | H32: ='1993-1994'!S10 -> 61 | I32: ='1993-1994'!T10 -> 1 | ... K32: ='1993-1994'!V10 -> 9
A33: 1993-1994 | B33: ='1993-1994'!M11 -> Aston Villa | C33: ='1993-1994'!N11 -> 15 | D33: ='1993-1994'!O11 -> 12 | E33: ='1993-1994'!P11 -> 15 | F33: ='1993-1994'!Q11 -> 42 | G33: ='1993-1994'!R11 -> 46 | H33: ='1993-1994'!S11 -> 50 | I33: ='1993-1994'!T11 -> -4 | ... K33: ='1993-1994'!V11 -> 10
A34: 1993-1994 | B34: ='1993-1994'!M12 -> Coventry | C34: ='1993-1994'!N12 -> 14 | D34: ='1993-1994'!O12 -> 14 | E34: ='1993-1994'!P12 -> 14 | F34: ='1993-1994'!Q12 -> 42 | G34: ='1993-1994'!R12 -> 43 | H34: ='1993-1994'!S12 -> 45 | I34: ='1993-1994'!T12 -> -2 | ... K34: ='1993-1994'!V12 -> 11
A35: 1993-1994 | B35: ='1993-1994'!M13 -> Norwich | C35: ='1993-1994'!N13 -> 12 | D35: ='1993-1994'!O13 -> 17 | E35: ='1993-1994'!P13 -> 13 | F35: ='1993-1994'!Q13 -> 42 | G35: ='1993-1994'!R13 -> 65 | H35: ='1993-1994'!S13 -> 61 | I35: ='1993-1994'!T13 -> 4 | ... K35: ='1993-1994'!V13 -> 12
... A45: 1993-1994 | B45: ='1993-1994'!M23 -> Swindon | C45: ='1993-1994'!N23 -> 5 | D45: ='1993-1994'!O23 -> 15 | E45: ='1993-1994'!P23 -> 22 | F45: ='1993-1994'!Q23 -> 42 | G45: ='1993-1994'!R23 -> 47 | H45: ='1993-1994'!S23 -> 100 | I45: ='1993-1994'!T23 -> -53 | ... K45: ='1993-1994'!V23 -> 22
A46: 1994-1995 | B46: ='1994-1995'!M2 -> Blackburn | C46: ='1994-1995'!N2 -> 27 | D46: ='1994-1995'!O2 -> 8 | E46: ='1994-1995'!P2 -> 7 | F46: ='1994-1995'!Q2 -> 42 | G46: ='1994-1995'!R2 -> 80 | H46: ='1994-1995'!S2 -> 39 | I46: ='1994-1995'!T2 -> 41 | ... K46: ='1994-1995'!V2 -> 1
A47: 1994-1995 | B47: ='1994-1995'!M3 -> Manchester United | C47: ='1994-1995'!N3 -> 26 | D47: ='1994-1995'!O3 -> 10 | E47: ='1994-1995'!P3 -> 6 | F47: ='1994-1995'!Q3 -> 42 | G47: ='1994-1995'!R3 -> 77 | H47: ='1994-1995'!S3 -> 28 | I47: ='1994-1995'!T3 -> 49 | ... K47: ='1994-1995'!V3 -> 2
A48: 1994-1995 | B48: ='1994-1995'!M4 -> Nottingham Forest | C48: ='1994-1995'!N4 -> 22 | D48: ='1994-1995'!O4 -> 11 | E48: ='1994-1995'!P4 -> 9 | F48: ='1994-1995'!Q4 -> 42 | G48: ='1994-1995'!R4 -> 72 | H48: ='1994-1995'!S4 -> 43 | I48: ='1994-1995'!T4 -> 29 | ... K48: ='1994-1995'!V4 -> 3
A49: 1994-1995 | B49: ='1994-1995'!M5 -> Liverpool | C49: ='1994-1995'!N5 -> 21 | D49: ='1994-1995'!O5 -> 11 | E49: ='1994-1995'!P5 -> 10 | F49: ='1994-1995'!Q5 -> 42 | G49: ='1994-1995'!R5 -> 65 | H49: ='1994-1995'!S5 -> 37 | I49: ='1994-1995'!T5 -> 28 | ... K49: ='1994-1995'!V5 -> 4
A50: 1994-1995 | B50: ='1994-1995'!M6 -> Leeds | C50: ='1994-1995'!N6 -> 20 | D50: ='1994-1995'!O6 -> 13 | E50: ='1994-1995'!P6 -> 9 | F50: ='1994-1995'!Q6 -> 42 | G50: ='1994-1995'!R6 -> 59 | H50: ='1994-1995'!S6 -> 38 | I50: ='1994-1995'!T6 -> 21 | ... K50: ='1994-1995'!V6 -> 5
A51: 1994-1995 | B51: ='1994-1995'!M7 -> Newcastle | C51: ='1994-1995'!N7 -> 20 | D51: ='1994-1995'!O7 -> 12 | E51: ='1994-1995'!P7 -> 10 | F51: ='1994-1995'!Q7 -> 42 | G51: ='1994-1995'!R7 -> 67 | H51: ='1994-1995'!S7 -> 47 | I51: ='1994-1995'!T7 -> 20 | ... K51: ='1994-1995'!V7 -> 6
A52: 1994-1995 | B52: ='1994-1995'!M8 -> Tottenham | C52: ='1994-1995'!N8 -> 16 | D52: ='1994-1995'!O8 -> 14 | E52: ='1994-1995'!P8 -> 12 | F52: ='1994-1995'!Q8 -> 42 | G52: ='1994-1995'!R8 -> 66 | H52: ='1994-1995'!S8 -> 58 | I52: ='1994-1995'!T8 -> 8 | ... K52: ='1994-1995'!V8 -> 7
A53: 1994-1995 | B53: ='1994-1995'!M9 -> QPR | C53: ='1994-1995'!N9 -> 17 | D53: ='1994-1995'!O9 -> 9 | E53: ='1994-1995'!P9 -> 16 | F53: ='1994-1995'!Q9 -> 42 | G53: ='1994-1995'!R9 -> 61 | H53: ='1994-1995'!S9 -> 59 | I53: ='1994-1995'!T9 -> 2 | ... K53: ='1994-1995'!V9 -> 8
A54: 1994-1995 | B54: ='1994-1995'!M10 -> Wimbledon FC | C54: ='1994-1995'!N10 -> 15 | D54: ='1994-1995'!O10 -> 11 | E54: ='1994-1995'!P10 -> 16 | F54: ='1994-1995'!Q10 -> 42 | G54: ='1994-1995'!R10 -> 48 | H54: ='1994-1995'!S10 -> 65 | I54: ='1994-1995'!T10 -> -17 | ... K54: ='1994-1995'!V10 -> 9
A55: 1994-1995 | B55: ='1994-1995'!M11 -> Southampton | C55: ='1994-1995'!N11 -> 12 | D55: ='1994-1995'!O11 -> 18 | E55: ='1994-1995'!P11 -> 12 | F55: ='1994-1995'!Q11 -> 42 | G55: ='1994-1995'!R11 -> 61 | H55: ='1994-1995'!S11 -> 63 | I55: ='1994-1995'!T11 -> -2 | ... K55: ='1994-1995'!V11 -> 10
A56: 1994-1995 | B56: ='1994-1995'!M12 -> Chelsea | C56: ='1994-1995'!N12 -> 13 | D56: ='1994-1995'!O12 -> 15 | E56: ='1994-1995'!P12 -> 14 | F56: ='1994-1995'!Q12 -> 42 | G56: ='1994-1995'!R12 -> 50 | H56: ='1994-1995'!S12 -> 55 | I56: ='1994-1995'!T12 -> -5 | ... K56: ='1994-1995'!V12 -> 11
A57: 1994-1995 | B57: ='1994-1995'!M13 -> Arsenal | C57: ='1994-1995'!N13 -> 13 | D57: ='1994-1995'!O13 -> 12 | E57: ='1994-1995'!P13 -> 17 | F57: ='1994-1995'!Q13 -> 42 | G57: ='1994-1995'!R13 -> 52 | H57: ='1994-1995'!S13 -> 49 | I57: ='1994-1995'!T13 -> 3 | ... K57: ='1994-1995'!V13 -> 12
... A67: 1994-1995 | B67: ='1994-1995'!M23 -> Ipswich | C67: ='1994-1995'!N23 -> 7 | D67: ='1994-1995'!O23 -> 6 | E67: ='1994-1995'!P23 -> 29 | F67: ='1994-1995'!Q23 -> 42 | G67: ='1994-1995'!R23 -> 36 | H67: ='1994-1995'!S23 -> 93 | I67: ='1994-1995'!T23 -> -57 | ... K67: ='1994-1995'!V23 -> 22
A68: 1995-1996 | B68: ='1995-1996'!M2 -> Manchester United | C68: ='1995-1996'!N2 -> 25 | D68: ='1995-1996'!O2 -> 7 | E68: ='1995-1996'!P2 -> 6 | F68: ='1995-1996'!Q2 -> 38 | G68: ='1995-1996'!R2 -> 73 | H68: ='1995-1996'!S2 -> 35 | I68: ='1995-1996'!T2 -> 38 | ... K68: ='1995-1996'!V2 -> 1
A69: 1995-1996 | B69: ='1995-1996'!M3 -> Newcastle | C69: ='1995-1996'!N3 -> 24 | D69: ='1995-1996'!O3 -> 6 | E69: ='1995-1996'!P3 -> 8 | F69: ='1995-1996'!Q3 -> 38 | G69: ='1995-1996'!R3 -> 66 | H69: ='1995-1996'!S3 -> 37 | I69: ='1995-1996'!T3 -> 29 | ... K69: ='1995-1996'!V3 -> 2
A70: 1995-1996 | B70: ='1995-1996'!M4 -> Liverpool | C70: ='1995-1996'!N4 -> 20 | D70: ='1995-1996'!O4 -> 11 | E70: ='1995-1996'!P4 -> 7 | F70: ='1995-1996'!Q4 -> 38 | G70: ='1995-1996'!R4 -> 70 | H70: ='1995-1996'!S4 -> 34 | I70: ='1995-1996'!T4 -> 36 | ... K70: ='1995-1996'!V4 -> 3
A71: 1995-1996 | B71: ='1995-1996'!M5 -> Aston Villa | C71: ='1995-1996'!N5 -> 18 | D71: ='1995-1996'!O5 -> 9 | E71: ='1995-1996'!P5 -> 11 | F71: ='1995-1996'!Q5 -> 38 | G71: ='1995-1996'!R5 -> 52 | H71: ='1995-1996'!S5 -> 35 | I71: ='1995-1996'!T5 -> 17 | ... K71: ='1995-1996'!V5 -> 4
A72: 1995-1996 | B72: ='1995-1996'!M6 -> Arsenal | C72: ='1995-1996'!N6 -> 17 | D72: ='1995-1996'!O6 -> 12 | E72: ='1995-1996'!P6 -> 9 | F72: ='1995-1996'!Q6 -> 38 | G72: ='1995-1996'!R6 -> 49 | H72: ='1995-1996'!S6 -> 32 | I72: ='1995-1996'!T6 -> 17 | ... K72: ='1995-1996'!V6 -> 5
A73: 1995-1996 | B73: ='1995-1996'!M7 -> Everton | C73: ='1995-1996'!N7 -> 17 | D73: ='1995-1996'!O7 -> 10 | E73: ='1995-1996'!P7 -> 11 | F73: ='1995-1996'!Q7 -> 38 | G73: ='1995-1996'!R7 -> 64 | H73: ='1995-1996'!S7 -> 44 | I73: ='1995-1996'!T7 -> 20 | ... K73: ='1995-1996'!V7 -> 6
A74: 1995-1996 | B74: ='1995-1996'!M8 -> Blackburn | C74: ='1995-1996'!N8 -> 18 | D74: ='1995-1996'!O8 -> 7 | E74: ='1995-1996'!P8 -> 13 | F74: ='1995-1996'!Q8 -> 38 | G74: ='1995-1996'!R8 -> 61 | H74: ='1995-1996'!S8 -> 47 | I74: ='1995-1996'!T8 -> 14 | ... K74: ='1995-1996'!V8 -> 7
A75: 1995-1996 | B75: ='1995-1996'!M9 -> Tottenham | C75: ='1995-1996'!N9 -> 16 | D75: ='1995-1996'!O9 -> 13 | E75: ='1995-1996'!P9 -> 9 | F75: ='1995-1996'!Q9 -> 38 | G75: ='1995-1996'!R9 -> 50 | H75: ='1995-1996'!S9 -> 38 | I75: ='1995-1996'!T9 -> 12 | ... K75: ='1995-1996'!V9 -> 8
A76: 1995-1996 | B76: ='1995-1996'!M10 -> Nottingham Forest | C76: ='1995-1996'!N10 -> 15 | D76: ='1995-1996'!O10 -> 13 | E76: ='1995-1996'!P10 -> 10 | F76: ='1995-1996'!Q10 -> 38 | G76: ='1995-1996'!R10 -> 50 | H76: ='1995-1996'!S10 -> 54 | I76: ='1995-1996'!T10 -> -4 | ... K76: ='1995-1996'!V10 -> 9
A77: 1995-1996 | B77: ='1995-1996'!M11 -> West Ham | C77: ='1995-1996'!N11 -> 14 | D77: ='1995-1996'!O11 -> 9 | E77: ='1995-1996'!P11 -> 15 | F77: ='1995-1996'!Q11 -> 38 | G77: ='1995-1996'!R11 -> 43 | H77: ='1995-1996'!S11 -> 52 | I77: ='1995-1996'!T11 -> -9 | ... K77: ='1995-1996'!V11 -> 10
A78: 1995-1996 | B78: ='1995-1996'!M12 -> Chelsea | C78: ='1995-1996'!N12 -> 12 | D78: ='1995-1996'!O12 -> 14 | E78: ='1995-1996'!P12 -> 12 | F78: ='1995-1996'!Q12 -> 38 | G78: ='1995-1996'!R12 -> 46 | H78: ='1995-1996'!S12 -> 44 | I78: ='1995-1996'!T12 -> 2 | ... K78: ='1995-1996'!V12 -> 11
A79: 1995-1996 | B79: ='1995-1996'!M13 -> Middlesbrough | C79: ='1995-1996'!N13 -> 11 | D79: ='1995-1996'!O13 -> 10 | E79: ='1995-1996'!P13 -> 17 | F79: ='1995-1996'!Q13 -> 38 | G79: ='1995-1996'!R13 -> 35 | H79: ='1995-1996'!S13 -> 50 | I79: ='1995-1996'!T13 -> -15 | ... K79: ='1995-1996'!V13 -> 12
... A87: 1995-1996 | B87: ='1995-1996'!M21 -> Bolton | C87: ='1995-1996'!N21 -> 8 | D87: ='1995-1996'!O21 -> 5 | E87: ='1995-1996'!P21 -> 25 | F87: ='1995-1996'!Q21 -> 38 | G87: ='1995-1996'!R21 -> 39 | H87: ='1995-1996'!S21 -> 71 | I87: ='1995-1996'!T21 -> -32 | ... K87: ='1995-1996'!V21 -> 20
A88: 1996-1997 | B88: ='1996-1997'!M2 -> Manchester United | C88: ='1996-1997'!N2 -> 21 | D88: ='1996-1997'!O2 -> 12 | E88: ='1996-1997'!P2 -> 5 | F88: ='1996-1997'!Q2 -> 38 | G88: ='1996-1997'!R2 -> 76 | H88: ='1996-1997'!S2 -> 44 | I88: ='1996-1997'!T2 -> 32 | ... K88: ='1996-1997'!V2 -> 1
A89: 1996-1997 | B89: ='1996-1997'!M3 -> Newcastle | C89: ='1996-1997'!N3 -> 19 | D89: ='1996-1997'!O3 -> 11 | E89: ='1996-1997'!P3 -> 8 | F89: ='1996-1997'!Q3 -> 38 | G89: ='1996-1997'!R3 -> 73 | H89: ='1996-1997'!S3 -> 40 | I89: ='1996-1997'!T3 -> 33 | ... K89: ='1996-1997'!V3 -> 2
A90: 1996-1997 | B90: ='1996-1997'!M4 -> Arsenal | C90: ='1996-1997'!N4 -> 19 | D90: ='1996-1997'!O4 -> 11 | E90: ='1996-1997'!P4 -> 8 | F90: ='1996-1997'!Q4 -> 38 | G90: ='1996-1997'!R4 -> 62 | H90: ='1996-1997'!S4 -> 32 | I90: ='1996-1997'!T4 -> 30 | ... K90: ='1996-1997'!V4 -> 3
A91: 1996-1997 | B91: ='1996-1997'!M5 -> Liverpool | C91: ='1996-1997'!N5 -> 19 | D91: ='1996-1997'!O5 -> 11 | E91: ='1996-1997'!P5 -> 8 | F91: ='1996-1997'!Q5 -> 38 | G91: ='1996-1997'!R5 -> 62 | H91: ='1996-1997'!S5 -> 37 | I91: ='1996-1997'!T5 -> 25 | ... K91: ='1996-1997'!V5 -> 4
A92: 1996-1997 | B92: ='1996-1997'!M6 -> Aston Villa | C92: ='1996-1997'!N6 -> 17 | D92: ='1996-1997'!O6 -> 10 | E92: ='1996-1997'!P6 -> 11 | F92: ='1996-1997'!Q6 -> 38 | G92: ='1996-1997'!R6 -> 47 | H92: ='1996-1997'!S6 -> 34 | I92: ='1996-1997'!T6 -> 13 | ... K92: ='1996-1997'!V6 -> 5
A93: 1996-1997 | B93: ='1996-1997'!M7 -> Chelsea | C93: ='1996-1997'!N7 -> 16 | D93: ='1996-1997'!O7 -> 11 | E93: ='1996-1997'!P7 -> 11 | F93: ='1996-1997'!Q7 -> 38 | G93: ='1996-1997'!R7 -> 58 | H93: ='1996-1997'!S7 -> 55 | I93: ='1996-1997'!T7 -> 3 | ... K93: ='1996-1997'!V7 -> 6
A94: 1996-1997 | B94: ='1996-1997'!M8 -> Sheffield Weds | C94: ='1996-1997'!N8 -> 14 | D94: ='1996-1997'!O8 -> 15 | E94: ='1996-1997'!P8 -> 9 | F94: ='1996-1997'!Q8 -> 38 | G94: ='1996-1997'!R8 -> 50 | H94: ='1996-1997'!S8 -> 51 | I94: ='1996-1997'!T8 -> -1 | ... K94: ='1996-1997'!V8 -> 7
A95: 1996-1997 | B95: ='1996-1997'!M9 -> Wimbledon FC | C95: ='1996-1997'!N9 -> 15 | D95: ='1996-1997'!O9 -> 11 | E95: ='1996-1997'!P9 -> 12 | F95: ='1996-1997'!Q9 -> 38 | G95: ='1996-1997'!R9 -> 49 | H95: ='1996-1997'!S9 -> 46 | I95: ='1996-1997'!T9 -> 3 | ... K95: ='1996-1997'!V9 -> 8
A96: 1996-1997 | B96: ='1996-1997'!M10 -> Leicester | C96: ='1996-1997'!N10 -> 12 | D96: ='1996-1997'!O10 -> 11 | E96: ='1996-1997'!P10 -> 15 | F96: ='1996-1997'!Q10 -> 38 | G96: ='1996-1997'!R10 -> 46 | H96: ='1996-1997'!S10 -> 54 | I96: ='1996-1997'!T10 -> -8 | ... K96: ='1996-1997'!V10 -> 9
A97: 1996-1997 | B97: ='1996-1997'!M11 -> Tottenham | C97: ='1996-1997'!N11 -> 13 | D97: ='1996-1997'!O11 -> 7 | E97: ='1996-1997'!P11 -> 18 | F97: ='1996-1997'!Q11 -> 38 | G97: ='1996-1997'!R11 -> 44 | H97: ='1996-1997'!S11 -> 51 | I97: ='1996-1997'!T11 -> -7 | ... K97: ='1996-1997'!V11 -> 10
A98: 1996-1997 | B98: ='1996-1997'!M12 -> Leeds | C98: ='1996-1997'!N12 -> 11 | D98: ='1996-1997'!O12 -> 13 | E98: ='1996-1997'!P12 -> 14 | F98: ='1996-1997'!Q12 -> 38 | G98: ='1996-1997'!R12 -> 28 | H98: ='1996-1997'!S12 -> 38 | I98: ='1996-1997'!T12 -> -10 | ... K98: ='1996-1997'!V12 -> 11
A99: 1996-1997 | B99: ='1996-1997'!M13 -> Derby | C99: ='1996-1997'!N13 -> 11 | D99: ='1996-1997'!O13 -> 13 | E99: ='1996-1997'!P13 -> 14 | F99: ='1996-1997'!Q13 -> 38 | G99: ='1996-1997'!R13 -> 45 | H99: ='1996-1997'!S13 -> 58 | I99: ='1996-1997'!T13 -> -13 | ... K99: ='1996-1997'!V13 -> 12
... A107: 1996-1997 | B107: ='1996-1997'!M21 -> Nottingham Forest | C107: ='1996-1997'!N21 -> 6 | D107: ='1996-1997'!O21 -> 16 | E107: ='1996-1997'!P21 -> 16 | F107: ='1996-1997'!Q21 -> 38 | G107: ='1996-1997'!R21 -> 31 | H107: ='1996-1997'!S21 -> 59 | I107: ='1996-1997'!T21 -> -28 | ... K107: ='1996-1997'!V21 -> 20
A108: 1997-1998 | B108: ='1997-1998'!M2 -> Arsenal | C108: ='1997-1998'!N2 -> 23 | D108: ='1997-1998'!O2 -> 9 | E108: ='1997-1998'!P2 -> 6 | F108: ='1997-1998'!Q2 -> 38 | G108: ='1997-1998'!R2 -> 68 | H108: ='1997-1998'!S2 -> 33 | I108: ='1997-1998'!T2 -> 35 | ... K108: ='1997-1998'!V2 -> 1
A109: 1997-1998 | B109: ='1997-1998'!M3 -> Manchester United | C109: ='1997-1998'!N3 -> 23 | D109: ='1997-1998'!O3 -> 8 | E109: ='1997-1998'!P3 -> 7 | F109: ='1997-1998'!Q3 -> 38 | G109: ='1997-1998'!R3 -> 73 | H109: ='1997-1998'!S3 -> 26 | I109: ='1997-1998'!T3 -> 47 | ... K109: ='1997-1998'!V3 -> 2
A110: 1997-1998 | B110: ='1997-1998'!M4 -> Liverpool | C110: ='1997-1998'!N4 -> 18 | D110: ='1997-1998'!O4 -> 11 | E110: ='1997-1998'!P4 -> 9 | F110: ='1997-1998'!Q4 -> 38 | G110: ='1997-1998'!R4 -> 68 | H110: ='1997-1998'!S4 -> 42 | I110: ='1997-1998'!T4 -> 26 | ... K110: ='1997-1998'!V4 -> 3
A111: 1997-1998 | B111: ='1997-1998'!M5 -> Chelsea | C111: ='1997-1998'!N5 -> 20 | D111: ='1997-1998'!O5 -> 3 | E111: ='1997-1998'!P5 -> 15 | F111: ='1997-1998'!Q5 -> 38 | G111: ='1997-1998'!R5 -> 71 | H111: ='1997-1998'!S5 -> 43 | I111: ='1997-1998'!T5 -> 28 | ... K111: ='1997-1998'!V5 -> 4
A112: 1997-1998 | B112: ='1997-1998'!M6 -> Leeds | C112: ='1997-1998'!N6 -> 17 | D112: ='1997-1998'!O6 -> 8 | E112: ='1997-1998'!P6 -> 13 | F112: ='1997-1998'!Q6 -> 38 | G112: ='1997-1998'!R6 -> 57 | H112: ='1997-1998'!S6 -> 46 | I112: ='1997-1998'!T6 -> 11 | ... K112: ='1997-1998'!V6 -> 5
A113: 1997-1998 | B113: ='1997-1998'!M7 -> Blackburn | C113: ='1997-1998'!N7 -> 16 | D113: ='1997-1998'!O7 -> 10 | E113: ='1997-1998'!P7 -> 12 | F113: ='1997-1998'!Q7 -> 38 | G113: ='1997-1998'!R7 -> 57 | H113: ='1997-1998'!S7 -> 52 | I113: ='1997-1998'!T7 -> 5 | ... K113: ='1997-1998'!V7 -> 6
A114: 1997-1998 | B114: ='1997-1998'!M8 -> Aston Villa | C114: ='1997-1998'!N8 -> 17 | D114: ='1997-1998'!O8 -> 6 | E114: ='1997-1998'!P8 -> 15 | F114: ='1997-1998'!Q8 -> 38 | G114: ='1997-1998'!R8 -> 49 | H114: ='1997-1998'!S8 -> 48 | I114: ='1997-1998'!T8 -> 1 | ... K114: ='1997-1998'!V8 -> 7
A115: 1997-1998 | B115: ='1997-1998'!M9 -> West Ham | C115: ='1997-1998'!N9 -> 16 | D115: ='1997-1998'!O9 -> 8 | E115: ='1997-1998'!P9 -> 14 | F115: ='1997-1998'!Q9 -> 38 | G115: ='1997-1998'!R9 -> 56 | H115: ='1997-1998'!S9 -> 57 | I115: ='1997-1998'!T9 -> -1 | ... K115: ='1997-1998'!V9 -> 8
A116: 1997-1998 | B116: ='1997-1998'!M10 -> Derby | C116: ='1997-1998'!N10 -> 16 | D116: ='1997-1998'!O10 -> 7 | E116: ='1997-1998'!P10 -> 15 | F116: ='1997-1998'!Q10 -> 38 | G116: ='1997-1998'!R10 -> 52 | H116: ='1997-1998'!S10 -> 49 | I116: ='1997-1998'!T10 -> 3 | ... K116: ='1997-1998'!V10 -> 9
A117: 1997-1998 | B117: ='1997-1998'!M11 -> Leicester | C117: ='1997-1998'!N11 -> 13 | D117: ='1997-1998'!O11 -> 14 | E117: ='1997-1998'!P11 -> 11 | F117: ='1997-1998'!Q11 -> 38 | G117: ='1997-1998'!R11 -> 51 | H117: ='1997-1998'!S11 -> 41 | I117: ='1997-1998'!T11 -> 10 | ... K117: ='1997-1998'!V11 -> 10
A118: 1997-1998 | B118: ='1997-1998'!M12 -> Coventry | C118: ='1997-1998'!N12 -> 12 | D118: ='1997-1998'!O12 -> 16 | E118: ='1997-1998'!P12 -> 10 | F118: ='1997-1998'!Q12 -> 38 | G118: ='1997-1998'!R12 -> 46 | H118: ='1997-1998'!S12 -> 44 | I118: ='1997-1998'!T12 -> 2 | ... K118: ='1997-1998'!V12 -> 11
A119: 1997-1998 | B119: ='1997-1998'!M13 -> Southampton | C119: ='1997-1998'!N13 -> 14 | D119: ='1997-1998'!O13 -> 6 | E119: ='1997-1998'!P13 -> 18 | F119: ='1997-1998'!Q13 -> 38 | G119: ='1997-1998'!R13 -> 50 | H119: ='1997-1998'!S13 -> 55 | I119: ='1997-1998'!T13 -> -5 | ... K119: ='1997-1998'!V13 -> 12
... A127: 1997-1998 | B127: ='1997-1998'!M21 -> Crystal Palace | C127: ='1997-1998'!N21 -> 8 | D127: ='1997-1998'!O21 -> 9 | E127: ='1997-1998'!P21 -> 21 | F127: ='1997-1998'!Q21 -> 38 | G127: ='1997-1998'!R21 -> 37 | H127: ='1997-1998'!S21 -> 71 | I127: ='1997-1998'!T21 -> -34 | ... K127: ='1997-1998'!V21 -> 20
A128: =(LEFT(A127,4)+1)&"-"&(RIGHT(A127,4)+1) -> 1998-1999 | B128: ='1998-1999'!M2 -> Manchester United | C128: ='1998-1999'!N2 -> 22 | D128: ='1998-1999'!O2 -> 13 | E128: ='1998-1999'!P2 -> 3 | F128: ='1998-1999'!Q2 -> 38 | G128: ='1998-1999'!R2 -> 80 | H128: ='1998-1999'!S2 -> 37 | I128: ='1998-1999'!T2 -> 43 | ... K128: ='1998-1999'!V2 -> 1
A129: =A128 -> 1998-1999 | B129: ='1998-1999'!M3 -> Arsenal | C129: ='1998-1999'!N3 -> 22 | D129: ='1998-1999'!O3 -> 12 | E129: ='1998-1999'!P3 -> 4 | F129: ='1998-1999'!Q3 -> 38 | G129: ='1998-1999'!R3 -> 59 | H129: ='1998-1999'!S3 -> 17 | I129: ='1998-1999'!T3 -> 42 | ... K129: ='1998-1999'!V3 -> 2
A130: =A129 -> 1998-1999 | B130: ='1998-1999'!M4 -> Chelsea | C130: ='1998-1999'!N4 -> 20 | D130: ='1998-1999'!O4 -> 15 | E130: ='1998-1999'!P4 -> 3 | F130: ='1998-1999'!Q4 -> 38 | G130: ='1998-1999'!R4 -> 57 | H130: ='1998-1999'!S4 -> 30 | I130: ='1998-1999'!T4 -> 27 | ... K130: ='1998-1999'!V4 -> 3
A131: =A130 -> 1998-1999 | B131: ='1998-1999'!M5 -> Leeds | C131: ='1998-1999'!N5 -> 18 | D131: ='1998-1999'!O5 -> 13 | E131: ='1998-1999'!P5 -> 7 | F131: ='1998-1999'!Q5 -> 38 | G131: ='1998-1999'!R5 -> 62 | H131: ='1998-1999'!S5 -> 34 | I131: ='1998-1999'!T5 -> 28 | ... K131: ='1998-1999'!V5 -> 4
A132: =A131 -> 1998-1999 | B132: ='1998-1999'!M6 -> West Ham | C132: ='1998-1999'!N6 -> 16 | D132: ='1998-1999'!O6 -> 9 | E132: ='1998-1999'!P6 -> 13 | F132: ='1998-1999'!Q6 -> 38 | G132: ='1998-1999'!R6 -> 46 | H132: ='1998-1999'!S6 -> 53 | I132: ='1998-1999'!T6 -> -7 | ... K132: ='1998-1999'!V6 -> 5
A133: =A132 -> 1998-1999 | B133: ='1998-1999'!M7 -> Aston Villa | C133: ='1998-1999'!N7 -> 15 | D133: ='1998-1999'!O7 -> 10 | E133: ='1998-1999'!P7 -> 13 | F133: ='1998-1999'!Q7 -> 38 | G133: ='1998-1999'!R7 -> 51 | H133: ='1998-1999'!S7 -> 46 | I133: ='1998-1999'!T7 -> 5 | ... K133: ='1998-1999'!V7 -> 6
A134: =A133 -> 1998-1999 | B134: ='1998-1999'!M8 -> Liverpool | C134: ='1998-1999'!N8 -> 15 | D134: ='1998-1999'!O8 -> 9 | E134: ='1998-1999'!P8 -> 14 | F134: ='1998-1999'!Q8 -> 38 | G134: ='1998-1999'!R8 -> 68 | H134: ='1998-1999'!S8 -> 49 | I134: ='1998-1999'!T8 -> 19 | ... K134: ='1998-1999'!V8 -> 7
A135: =A134 -> 1998-1999 | B135: ='1998-1999'!M9 -> Derby | C135: ='1998-1999'!N9 -> 13 | D135: ='1998-1999'!O9 -> 13 | E135: ='1998-1999'!P9 -> 12 | F135: ='1998-1999'!Q9 -> 38 | G135: ='1998-1999'!R9 -> 40 | H135: ='1998-1999'!S9 -> 45 | I135: ='1998-1999'!T9 -> -5 | ... K135: ='1998-1999'!V9 -> 8
A136: =A135 -> 1998-1999 | B136: ='1998-1999'!M10 -> Middlesbrough | C136: ='1998-1999'!N10 -> 12 | D136: ='1998-1999'!O10 -> 15 | E136: ='1998-1999'!P10 -> 11 | F136: ='1998-1999'!Q10 -> 38 | G136: ='1998-1999'!R10 -> 48 | H136: ='1998-1999'!S10 -> 54 | I136: ='1998-1999'!T10 -> -6 | ... K136: ='1998-1999'!V10 -> 9
A137: =A136 -> 1998-1999 | B137: ='1998-1999'!M11 -> Leicester | C137: ='1998-1999'!N11 -> 12 | D137: ='1998-1999'!O11 -> 13 | E137: ='1998-1999'!P11 -> 13 | F137: ='1998-1999'!Q11 -> 38 | G137: ='1998-1999'!R11 -> 40 | H137: ='1998-1999'!S11 -> 46 | I137: ='1998-1999'!T11 -> -6 | ... K137: ='1998-1999'!V11 -> 10
A138: =A137 -> 1998-1999 | B138: ='1998-1999'!M12 -> Tottenham | C138: ='1998-1999'!N12 -> 11 | D138: ='1998-1999'!O12 -> 14 | E138: ='1998-1999'!P12 -> 13 | F138: ='1998-1999'!Q12 -> 38 | G138: ='1998-1999'!R12 -> 47 | H138: ='1998-1999'!S12 -> 50 | I138: ='1998-1999'!T12 -> -3 | ... K138: ='1998-1999'!V12 -> 11
A139: =A138 -> 1998-1999 | B139: ='1998-1999'!M13 -> Sheffield Weds | C139: ='1998-1999'!N13 -> 13 | D139: ='1998-1999'!O13 -> 7 | E139: ='1998-1999'!P13 -> 18 | F139: ='1998-1999'!Q13 -> 38 | G139: ='1998-1999'!R13 -> 41 | H139: ='1998-1999'!S13 -> 42 | I139: ='1998-1999'!T13 -> -1 | ... K139: ='1998-1999'!V13 -> 12
A140: =A139 -> 1998-1999 | B140: ='1998-1999'!M14 -> Newcastle | C140: ='1998-1999'!N14 -> 11 | D140: ='1998-1999'!O14 -> 13 | E140: ='1998-1999'!P14 -> 14 | F140: ='1998-1999'!Q14 -> 38 | G140: ='1998-1999'!R14 -> 48 | H140: ='1998-1999'!S14 -> 54 | I140: ='1998-1999'!T14 -> -6 | ... K140: ='1998-1999'!V14 -> 13
... A147: =A146 -> 1998-1999 | B147: ='1998-1999'!M21 -> Nottingham Forest | C147: ='1998-1999'!N21 -> 7 | D147: ='1998-1999'!O21 -> 9 | E147: ='1998-1999'!P21 -> 22 | F147: ='1998-1999'!Q21 -> 38 | G147: ='1998-1999'!R21 -> 35 | H147: ='1998-1999'!S21 -> 69 | I147: ='1998-1999'!T21 -> -34 | ... K147: ='1998-1999'!V21 -> 20
A148: =(LEFT(A147,4)+1)&"-"&(RIGHT(A147,4)+1) -> 1999-2000 | B148: ='1999-2000'!M2 -> Manchester United | C148: ='1999-2000'!N2 -> 28 | D148: ='1999-2000'!O2 -> 7 | E148: ='1999-2000'!P2 -> 3 | F148: ='1999-2000'!Q2 -> 38 | G148: ='1999-2000'!R2 -> 97 | H148: ='1999-2000'!S2 -> 45 | I148: ='1999-2000'!T2 -> 52 | ... K148: ='1999-2000'!V2 -> 1
A149: =A148 -> 1999-2000 | B149: ='1999-2000'!M3 -> Arsenal | C149: ='1999-2000'!N3 -> 22 | D149: ='1999-2000'!O3 -> 7 | E149: ='1999-2000'!P3 -> 9 | F149: ='1999-2000'!Q3 -> 38 | G149: ='1999-2000'!R3 -> 73 | H149: ='1999-2000'!S3 -> 43 | I149: ='1999-2000'!T3 -> 30 | ... K149: ='1999-2000'!V3 -> 2
A150: =A149 -> 1999-2000 | B150: ='1999-2000'!M4 -> Leeds | C150: ='1999-2000'!N4 -> 21 | D150: ='1999-2000'!O4 -> 6 | E150: ='1999-2000'!P4 -> 11 | F150: ='1999-2000'!Q4 -> 38 | G150: ='1999-2000'!R4 -> 58 | H150: ='1999-2000'!S4 -> 43 | I150: ='1999-2000'!T4 -> 15 | ... K150: ='1999-2000'!V4 -> 3
A151: =A150 -> 1999-2000 | B151: ='1999-2000'!M5 -> Liverpool | C151: ='1999-2000'!N5 -> 19 | D151: ='1999-2000'!O5 -> 10 | E151: ='1999-2000'!P5 -> 9 | F151: ='1999-2000'!Q5 -> 38 | G151: ='1999-2000'!R5 -> 51 | H151: ='1999-2000'!S5 -> 30 | I151: ='1999-2000'!T5 -> 21 | ... K151: ='1999-2000'!V5 -> 4
A152: =A151 -> 1999-2000 | B152: ='1999-2000'!M6 -> Chelsea | C152: ='1999-2000'!N6 -> 18 | D152: ='1999-2000'!O6 -> 11 | E152: ='1999-2000'!P6 -> 9 | F152: ='1999-2000'!Q6 -> 38 | G152: ='1999-2000'!R6 -> 53 | H152: ='1999-2000'!S6 -> 34 | I152: ='1999-2000'!T6 -> 19 | ... K152: ='1999-2000'!V6 -> 5
A153: =A152 -> 1999-2000 | B153: ='1999-2000'!M7 -> Aston Villa | C153: ='1999-2000'!N7 -> 15 | D153: ='1999-2000'!O7 -> 13 | E153: ='1999-2000'!P7 -> 10 | F153: ='1999-2000'!Q7 -> 38 | G153: ='1999-2000'!R7 -> 46 | H153: ='1999-2000'!S7 -> 35 | I153: ='1999-2000'!T7 -> 11 | ... K153: ='1999-2000'!V7 -> 6
A154: =A153 -> 1999-2000 | B154: ='1999-2000'!M8 -> Sunderland | C154: ='1999-2000'!N8 -> 16 | D154: ='1999-2000'!O8 -> 10 | E154: ='1999-2000'!P8 -> 12 | F154: ='1999-2000'!Q8 -> 38 | G154: ='1999-2000'!R8 -> 57 | H154: ='1999-2000'!S8 -> 56 | I154: ='1999-2000'!T8 -> 1 | ... K154: ='1999-2000'!V8 -> 7
...

Sheet 1992-1993
A1: ID | B1: Date | C1: Round | D1: Home | F1: Away | H1: Winner | I1: Draw-1 | J1: Draw-2 | M1: Team | N1: Wins | O1: Draws | P1: Losses | Q1: Games Played | R1: Goals For | S1: Goals Against | T1: Goal Difference | U1: Points | V1: Position
A2: 947742 | B2: 33831 | C2: Round | D2: Chelsea | E2: 1 | F2: Oldham | G2: 1 | H2: =IF(E2>G2,D2,IF(G2>E2,F2,"")) | I2: =IF(H2="",D2,"") -> Chelsea | J2: =IF(H2="",F2,"") -> Oldham | M2: Manchester United | N2: =COUNTIF($H$2:$H$463,M2) -> 24 | O2: =COUNTIF($J$2:$J$463,M2)+COUNTIF($I$2:$I$463,M2) -> 12 | P2: =(COUNTIF($F$2:$F$463,M2)+COUNTIF($D$2:$D$463,M2))-SUM(N2:O2) -> 6 | Q2: =SUM(N2:P2) -> 42 | R2: =SUMIF(D:D,M2,E:E)+SUMIF(F:F,M2,G:G) -> 67 | S2: =SUMIF(D:D,M2,G:G)+SUMIF(F:F,M2,E:E) -> 31 | T2: =R2-S2 -> 36 | U2: =(N2*3)+O2 -> 84 | V2: 1
A3: 947760 | B3: 33831 | C3: Round | D3: Coventry | E3: 2 | F3: Middlesbrough | G3: 1 | H3: =IF(E3>G3,D3,IF(G3>E3,F3,"")) -> Coventry | I3: =IF(H3="",D3,"") | J3: =IF(H3="",F3,"") | M3: Aston Villa | N3: =COUNTIF($H$2:$H$463,M3) -> 21 | O3: =COUNTIF($J$2:$J$463,M3)+COUNTIF($I$2:$I$463,M3) -> 11 | P3: =(COUNTIF($F$2:$F$463,M3)+COUNTIF($D$2:$D$463,M3))-SUM(N3:O3) -> 10 | Q3: =SUM(N3:P3) -> 42 | R3: =SUMIF(D:D,M3,E:E)+SUMIF(F:F,M3,G:G) -> 57 | S3: =SUMIF(D:D,M3,G:G)+SUMIF(F:F,M3,E:E) -> 40 | T3: =R3-S3 -> 17 | U3: =(N3*3)+O3 -> 74 | V3: 2
A4: 947772 | B4: 33831 | C4: Round | D4: Crystal Palace | E4: 3 | F4: Blackburn | G4: 3 | H4: =IF(E4>G4,D4,IF(G4>E4,F4,"")) | I4: =IF(H4="",D4,"") -> Crystal Palace | J4: =IF(H4="",F4,"") -> Blackburn | M4: Norwich | N4: =COUNTIF($H$2:$H$463,M4) -> 21 | O4: =COUNTIF($J$2:$J$463,M4)+COUNTIF($I$2:$I$463,M4) -> 9 | P4: =(COUNTIF($F$2:$F$463,M4)+COUNTIF($D$2:$D$463,M4))-SUM(N4:O4) -> 12 | Q4: =SUM(N4:P4) -> 42 | R4: =SUMIF(D:D,M4,E:E)+SUMIF(F:F,M4,G:G) -> 61 | S4: =SUMIF(D:D,M4,G:G)+SUMIF(F:F,M4,E:E) -> 65 | T4: =R4-S4 -> -4 | U4: =(N4*3)+O4 -> 72 | V4: 3
A5: 948033 | B5: 33831 | C5: Round | D5: Sheffield United | E5: 2 | F5: Manchester United | G5: 1 | H5: =IF(E5>G5,D5,IF(G5>E5,F5,"")) -> Sheffield United | I5: =IF(H5="",D5,"") | J5: =IF(H5="",F5,"") | M5: Blackburn | N5: =COUNTIF($H$2:$H$463,M5) -> 20 | O5: =COUNTIF($J$2:$J$463,M5)+COUNTIF($I$2:$I$463,M5) -> 11 | P5: =(COUNTIF($F$2:$F$463,M5)+COUNTIF($D$2:$D$463,M5))-SUM(N5:O5) -> 11 | Q5: =SUM(N5:P5) -> 42 | R5: =SUMIF(D:D,M5,E:E)+SUMIF(F:F,M5,G:G) -> 68 | S5: =SUMIF(D:D,M5,G:G)+SUMIF(F:F,M5,E:E) -> 46 | T5: =R5-S5 -> 22 | U5: =(N5*3)+O5 -> 71 | V5: 4
A6: 947808 | B6: 33831 | C6: Round | D6: Everton | E6: 1 | F6: Sheffield Weds | G6: 1 | H6: =IF(E6>G6,D6,IF(G6>E6,F6,"")) | I6: =IF(H6="",D6,"") -> Everton | J6: =IF(H6="",F6,"") -> Sheffield Weds | M6: QPR | N6: =COUNTIF($H$2:$H$463,M6) -> 17 | O6: =COUNTIF($J$2:$J$463,M6)+COUNTIF($I$2:$I$463,M6) -> 12 | P6: =(COUNTIF($F$2:$F$463,M6)+COUNTIF($D$2:$D$463,M6))-SUM(N6:O6) -> 13 | Q6: =SUM(N6:P6) -> 42 | R6: =SUMIF(D:D,M6,E:E)+SUMIF(F:F,M6,G:G) -> 63 | S6: =SUMIF(D:D,M6,G:G)+SUMIF(F:F,M6,E:E) -> 55 | T6: =R6-S6 -> 8 | U6: =(N6*3)+O6 -> 63 | V6: 5
A7: 947813 | B7: 33831 | C7: Round | D7: Ipswich | E7: 1 | F7: Aston Villa | G7: 1 | H7: =IF(E7>G7,D7,IF(G7>E7,F7,"")) | I7: =IF(H7="",D7,"") -> Ipswich | J7: =IF(H7="",F7,"") -> Aston Villa | M7: Liverpool | N7: =COUNTIF($H$2:$H$463,M7) -> 16 | O7: =COUNTIF($J$2:$J$463,M7)+COUNTIF($I$2:$I$463,M7) -> 11 | P7: =(COUNTIF($F$2:$F$463,M7)+COUNTIF($D$2:$D$463,M7))-SUM(N7:O7) -> 15 | Q7: =SUM(N7:P7) -> 42 | R7: =SUMIF(D:D,M7,E:E)+SUMIF(F:F,M7,G:G) -> 62 | S7: =SUMIF(D:D,M7,G:G)+SUMIF(F:F,M7,E:E) -> 55 | T7: =R7-S7 -> 7 | U7: =(N7*3)+O7 -> 59 | V7: 6
A8: 948083 | B8: 33831 | C8: Round | D8: Southampton | E8: 0 | F8: Tottenham | G8: 0 | H8: =IF(E8>G8,D8,IF(G8>E8,F8,"")) | I8: =IF(H8="",D8,"") -> Southampton | J8: =IF(H8="",F8,"") -> Tottenham | M8: Sheffield Weds | N8: =COUNTIF($H$2:$H$463,M8) -> 15 | O8: =COUNTIF($J$2:$J$463,M8)+COUNTIF($I$2:$I$463,M8) -> 14 | P8: =(COUNTIF($F$2:$F$463,M8)+COUNTIF($D$2:$D$463,M8))-SUM(N8:O8) -> 13 | Q8: =SUM(N8:P8) -> 42 | R8: =SUMIF(D:D,M8,E:E)+SUMIF(F:F,M8,G:G) -> 55 | S8: =SUMIF(D:D,M8,G:G)+SUMIF(F:F,M8,E:E) -> 51 | T8: =R8-S8 -> 4 | U8: =(N8*3)+O8 -> 59 | V8: 7
A9: 947853 | B9: 33831 | C9: Round | D9: Leeds | E9: 2 | F9: Wimbledon FC | G9: 1 | H9: =IF(E9>G9,D9,IF(G9>E9,F9,"")) -> Leeds | I9: =IF(H9="",D9,"") | J9: =IF(H9="",F9,"") | M9: Tottenham | N9: =COUNTIF($H$2:$H$463,M9) -> 16 | O9: =COUNTIF($J$2:$J$463,M9)+COUNTIF($I$2:$I$463,M9) -> 11 | P9: =(COUNTIF($F$2:$F$463,M9)+COUNTIF($D$2:$D$463,M9))-SUM(N9:O9) -> 15 | Q9: =SUM(N9:P9) -> 42 | R9: =SUMIF(D:D,M9,E:E)+SUMIF(F:F,M9,G:G) -> 60 | S9: =SUMIF(D:D,M9,G:G)+SUMIF(F:F,M9,E:E) -> 66 | T9: =R9-S9 -> -6 | U9: =(N9*3)+O9 -> 59 | V9: 8
A10: 947677 | B10: 33831 | C10: Round | D10: Arsenal | E10: 2 | F10: Norwich | G10: 4 | H10: =IF(E10>G10,D10,IF(G10>E10,F10,"")) -> Norwich | I10: =IF(H10="",D10,"") | J10: =IF(H10="",F10,"") | M10: Manchester City | N10: =COUNTIF($H$2:$H$463,M10) -> 15 | O10: =COUNTIF($J$2:$J$463,M10)+COUNTIF($I$2:$I$463,M10) -> 12 | P10: =(COUNTIF($F$2:$F$463,M10)+COUNTIF($D$2:$D$463,M10))-SUM(N10:O10) -> 15 | Q10: =SUM(N10:P10) -> 42 | R10: =SUMIF(D:D,M10,E:E)+SUMIF(F:F,M10,G:G) -> 56 | S10: =SUMIF(D:D,M10,G:G)+SUMIF(F:F,M10,E:E) -> 51 | T10: =R10-S10 -> 5 | U10: =(N10*3)+O10 -> 57 | V10: 9
A11: 947968 | B11: 33832 | C11: Round | D11: Nottingham Forest | E11: 1 | F11: Liverpool | G11: 0 | H11: =IF(E11>G11,D11,IF(G11>E11,F11,"")) -> Nottingham Forest | I11: =IF(H11="",D11,"") | J11: =IF(H11="",F11,"") | M11: Arsenal | N11: =COUNTIF($H$2:$H$463,M11) -> 15 | O11: =COUNTIF($J$2:$J$463,M11)+COUNTIF($I$2:$I$463,M11) -> 11 | P11: =(COUNTIF($F$2:$F$463,M11)+COUNTIF($D$2:$D$463,M11))-SUM(N11:O11) -> 16 | Q11: =SUM(N11:P11) -> 42 | R11: =SUMIF(D:D,M11,E:E)+SUMIF(F:F,M11,G:G) -> 40 | S11: =SUMIF(D:D,M11,G:G)+SUMIF(F:F,M11,E:E) -> 38 | T11: =R11-S11 -> 2 | U11: =(N11*3)+O11 -> 56 | V11: 10
A12: 947890 | B12: 33833 | C12: Round | D12: Manchester City | E12: 1 | F12: QPR | G12: 1 | H12: =IF(E12>G12,D12,IF(G12>E12,F12,"")) | I12: =IF(H12="",D12,"") -> Manchester City | J12: =IF(H12="",F12,"") -> QPR | M12: Chelsea | N12: =COUNTIF($H$2:$H$463,M12) -> 14 | O12: =COUNTIF($J$2:$J$463,M12)+COUNTIF($I$2:$I$463,M12) -> 14 | P12: =(COUNTIF($F$2:$F$463,M12)+COUNTIF($D$2:$D$463,M12))-SUM(N12:O12) -> 14 | Q12: =SUM(N12:P12) -> 42 | R12: =SUMIF(D:D,M12,E:E)+SUMIF(F:F,M12,G:G) -> 51 | S12: =SUMIF(D:D,M12,G:G)+SUMIF(F:F,M12,E:E) -> 54 | T12: =R12-S12 -> -3 | U12: =(N12*3)+O12 -> 56 | V12: 11
A13: 948113 | B13: 33834 | C13: Round | D13: Wimbledon FC | E13: 0 | F13: Ipswich | G13: 1 | H13: =IF(E13>G13,D13,IF(G13>E13,F13,"")) -> Ipswich | I13: =IF(H13="",D13,"") | J13: =IF(H13="",F13,"") | M13: Wimbledon FC | N13: =COUNTIF($H$2:$H$463,M13) -> 14 | O13: =COUNTIF($J$2:$J$463,M13)+COUNTIF($I$2:$I$463,M13) -> 12 | P13: =(COUNTIF($F$2:$F$463,M13)+COUNTIF($D$2:$D$463,M13))-SUM(N13:O13) -> 16 | Q13: =SUM(N13:P13) -> 42 | R13: =SUMIF(D:D,M13,E:E)+SUMIF(F:F,M13,G:G) -> 56 | S13: =SUMIF(D:D,M13,G:G)+SUMIF(F:F,M13,E:E) -> 55 | T13: =R13-S13 -> 1 | U13: =(N13*3)+O13 -> 54 | V13: 12
... A23: 947693 | B23: 33835 | C23: Round | D23: Aston Villa | E23: 1 | F23: Leeds | G23: 1 | H23: =IF(E23>G23,D23,IF(G23>E23,F23,"")) | I23: =IF(H23="",D23,"") -> Aston Villa | J23: =IF(H23="",F23,"") -> Leeds | M23: Nottingham Forest | N23: =COUNTIF($H$2:$H$463,M23) -> 10 | O23: =COUNTIF($J$2:$J$463,M23)+COUNTIF($I$2:$I$463,M23) -> 10 | P23: =(COUNTIF($F$2:$F$463,M23)+COUNTIF($D$2:$D$463,M23))-SUM(N23:O23) -> 22 | Q23: =SUM(N23:P23) -> 42 | R23: =SUMIF(D:D,M23,E:E)+SUMIF(F:F,M23,G:G) -> 41 | S23: =SUMIF(D:D,M23,G:G)+SUMIF(F:F,M23,E:E) -> 62 | T23: =R23-S23 -> -21 | U23: =(N23*3)+O23 -> 40 | V23: 22
A24: 947716 | B24: 33838 | C24: Round | D24: Blackburn | E24: 1 | F24: Manchester City | G24: 0 | H24: =IF(E24>G24,D24,IF(G24>E24,F24,"")) -> Blackburn | I24: =IF(H24="",D24,"") | J24: =IF(H24="",F24,"")
A25: 947994 | B25: 33838 | C25: Round | D25: Oldham | E25: 5 | F25: Nottingham Forest | G25: 3 | H25: =IF(E25>G25,D25,IF(G25>E25,F25,"")) -> Oldham | I25: =IF(H25="",D25,"") | J25: =IF(H25="",F25,"")
A26: 948017 | B26: 33838 | C26: Round | D26: QPR | E26: 3 | F26: Sheffield United | G26: 2 | H26: =IF(E26>G26,D26,IF(G26>E26,F26,"")) -> QPR | I26: =IF(H26="",D26,"") | J26: =IF(H26="",F26,"")
A27: 948046 | B27: 33838 | C27: Round | D27: Sheffield Weds | E27: 3 | F27: Chelsea | G27: 3 | H27: =IF(E27>G27,D27,IF(G27>E27,F27,"")) | I27: =IF(H27="",D27,"") -> Sheffield Weds | J27: =IF(H27="",F27,"") -> Chelsea
A28: 948090 | B28: 33838 | C28: Round | D28: Tottenham | E28: 2 | F28: Crystal Palace | G28: 2 | H28: =IF(E28>G28,D28,IF(G28>E28,F28,"")) | I28: =IF(H28="",D28,"") -> Tottenham | J28: =IF(H28="",F28,"") -> Crystal Palace
A29: 948110 | B29: 33838 | C29: Round | D29: Wimbledon FC | E29: 1 | F29: Coventry | G29: 2 | H29: =IF(E29>G29,D29,IF(G29>E29,F29,"")) -> Coventry | I29: =IF(H29="",D29,"") | J29: =IF(H29="",F29,"")
A30: 947903 | B30: 33838 | C30: Round | D30: Manchester United | E30: 1 | F30: Ipswich | G30: 1 | H30: =IF(E30>G30,D30,IF(G30>E30,F30,"")) | I30: =IF(H30="",D30,"") -> Manchester United | J30: =IF(H30="",F30,"") -> Ipswich
A31: 947925 | B31: 33838 | C31: Round | D31: Middlesbrough | E31: 4 | F31: Leeds | G31: 1 | H31: =IF(E31>G31,D31,IF(G31>E31,F31,"")) -> Middlesbrough | I31: =IF(H31="",D31,"") | J31: =IF(H31="",F31,"")
A32: 947944 | B32: 33838 | C32: Round | D32: Norwich | E32: 1 | F32: Everton | G32: 1 | H32: =IF(E32>G32,D32,IF(G32>E32,F32,"")) | I32: =IF(H32="",D32,"") -> Norwich | J32: =IF(H32="",F32,"") -> Everton
A33: 947704 | B33: 33838 | C33: Round | D33: Aston Villa | E33: 1 | F33: Southampton | G33: 1 | H33: =IF(E33>G33,D33,IF(G33>E33,F33,"")) | I33: =IF(H33="",D33,"") -> Aston Villa | J33: =IF(H33="",F33,"") -> Southampton
A34: 947854 | B34: 33839 | C34: Round | D34: Liverpool | E34: 0 | F34: Arsenal | G34: 2 | H34: =IF(E34>G34,D34,IF(G34>E34,F34,"")) -> Arsenal | I34: =IF(H34="",D34,"") | J34: =IF(H34="",F34,"")
A35: 948075 | B35: 33840 | C35: Round | D35: Southampton | E35: 0 | F35: Manchester United | G35: 1 | H35: =IF(E35>G35,D35,IF(G35>E35,F35,"")) -> Manchester United | I35: =IF(H35="",D35,"") | J35: =IF(H35="",F35,"")
... A463: 947684 | B463: 34100 | C463: Round | D463: Arsenal | E463: 1 | F463: Tottenham | G463: 3 | H463: =IF(E463>G463,D463,IF(G463>E463,F463,"")) -> Tottenham | I463: =IF(H463="",D463,"") | J463: =IF(H463="",F463,"")

Sheet 1993-1994
A1: ID | B1: Date | C1: Round | D1: Home | F1: Away | H1: Winner | I1: Draw-1 | J1: Draw-2 | M1: Team | N1: Wins | O1: Draws | P1: Losses | Q1: Games Played | R1: Goals For | S1: Goals Against | T1: Goal Difference | U1: Points | V1: Position
A2: 948489 | B2: 34195 | C2: Round | D2: Southampton | E2: 0 | F2: Everton | G2: 2 | H2: =IF(E2>G2,D2,IF(G2>E2,F2,"")) -> Everton | I2: =IF(H2="",D2,"") | J2: =IF(H2="",F2,"") | M2: Manchester United | N2: =COUNTIF($H$2:$H$463,M2) -> 27 | O2: =COUNTIF($J$2:$J$463,M2)+COUNTIF($I$2:$I$463,M2) -> 11 | P2: =(COUNTIF($F$2:$F$463,M2)+COUNTIF($D$2:$D$463,M2))-SUM(N2:O2) -> 4 | Q2: =SUM(N2:P2) -> 42 | R2: =SUMIF(D:D,M2,E:E)+SUMIF(F:F,M2,G:G) -> 80 | S2: =SUMIF(D:D,M2,G:G)+SUMIF(F:F,M2,E:E) -> 38 | T2: =R2-S2 -> 42 | U2: =(N2*3)+O2 -> 92 | V2: 1
A3: 948310 | B3: 34195 | C3: Round | D3: Liverpool | E3: 2 | F3: Sheffield Weds | G3: 0 | H3: =IF(E3>G3,D3,IF(G3>E3,F3,"")) -> Liverpool | I3: =IF(H3="",D3,"") | J3: =IF(H3="",F3,"") | M3: Blackburn | N3: =COUNTIF($H$2:$H$463,M3) -> 25 | O3: =COUNTIF($J$2:$J$463,M3)+COUNTIF($I$2:$I$463,M3) -> 9 | P3: =(COUNTIF($F$2:$F$463,M3)+COUNTIF($D$2:$D$463,M3))-SUM(N3:O3) -> 8 | Q3: =SUM(N3:P3) -> 42 | R3: =SUMIF(D:D,M3,E:E)+SUMIF(F:F,M3,G:G) -> 63 | S3: =SUMIF(D:D,M3,G:G)+SUMIF(F:F,M3,E:E) -> 36 | T3: =R3-S3 -> 27 | U3: =(N3*3)+O3 -> 84 | V3: 2
A4: 948567 | B4: 34195 | C4: Round | D4: West Ham | E4: 0 | F4: Wimbledon FC | G4: 2 | H4: =IF(E4>G4,D4,IF(G4>E4,F4,"")) -> Wimbledon FC | I4: =IF(H4="",D4,"") | J4: =IF(H4="",F4,"") | M4: Newcastle | N4: =COUNTIF($H$2:$H$463,M4) -> 23 | O4: =COUNTIF($J$2:$J$463,M4)+COUNTIF($I$2:$I$463,M4) -> 8 | P4: =(COUNTIF($F$2:$F$463,M4)+COUNTIF($D$2:$D$463,M4))-SUM(N4:O4) -> 11 | Q4: =SUM(N4:P4) -> 42 | R4: =SUMIF(D:D,M4,E:E)+SUMIF(F:F,M4,G:G) -> 82 | S4: =SUMIF(D:D,M4,G:G)+SUMIF(F:F,M4,E:E) -> 41 | T4: =R4-S4 -> 41 | U4: =(N4*3)+O4 -> 77 | V4: 3
A5: 948323 | B5: 34195 | C5: Round | D5: Manchester City | E5: 1 | F5: Leeds | G5: 1 | H5: =IF(E5>G5,D5,IF(G5>E5,F5,"")) | I5: =IF(H5="",D5,"") -> Manchester City | J5: =IF(H5="",F5,"") -> Leeds | M5: Arsenal | N5: =COUNTIF($H$2:$H$463,M5) -> 18 | O5: =COUNTIF($J$2:$J$463,M5)+COUNTIF($I$2:$I$463,M5) -> 17 | P5: =(COUNTIF($F$2:$F$463,M5)+COUNTIF($D$2:$D$463,M5))-SUM(N5:O5) -> 7 | Q5: =SUM(N5:P5) -> 42 | R5: =SUMIF(D:D,M5,E:E)+SUMIF(F:F,M5,G:G) -> 53 | S5: =SUMIF(D:D,M5,G:G)+SUMIF(F:F,M5,E:E) -> 28 | T5: =R5-S5 -> 25 | U5: =(N5*3)+O5 -> 71 | V5: 4
A6: 948376 | B6: 34195 | C6: Round | D6: Newcastle | E6: 0 | F6: Tottenham | G6: 1 | H6: =IF(E6>G6,D6,IF(G6>E6,F6,"")) -> Tottenham | I6: =IF(H6="",D6,"") | J6: =IF(H6="",F6,"") | M6: Leeds | N6: =COUNTIF($H$2:$H$463,M6) -> 18 | O6: =COUNTIF($J$2:$J$463,M6)+COUNTIF($I$2:$I$463,M6) -> 16 | P6: =(COUNTIF($F$2:$F$463,M6)+COUNTIF($D$2:$D$463,M6))-SUM(N6:O6) -> 8 | Q6: =SUM(N6:P6) -> 42 | R6: =SUMIF(D:D,M6,E:E)+SUMIF(F:F,M6,G:G) -> 65 | S6: =SUMIF(D:D,M6,G:G)+SUMIF(F:F,M6,E:E) -> 39 | T6: =R6-S6 -> 26 | U6: =(N6*3)+O6 -> 70 | V6: 5
A7: 948130 | B7: 34195 | C7: Round | D7: Arsenal | E7: 0 | F7: Coventry | G7: 3 | H7: =IF(E7>G7,D7,IF(G7>E7,F7,"")) -> Coventry | I7: =IF(H7="",D7,"") | J7: =IF(H7="",F7,"") | M7: Wimbledon FC | N7: =COUNTIF($H$2:$H$463,M7) -> 18 | O7: =COUNTIF($J$2:$J$463,M7)+COUNTIF($I$2:$I$463,M7) -> 11 | P7: =(COUNTIF($F$2:$F$463,M7)+COUNTIF($D$2:$D$463,M7))-SUM(N7:O7) -> 13 | Q7: =SUM(N7:P7) -> 42 | R7: =SUMIF(D:D,M7,E:E)+SUMIF(F:F,M7,G:G) -> 56 | S7: =SUMIF(D:D,M7,G:G)+SUMIF(F:F,M7,E:E) -> 53 | T7: =R7-S7 -> 3 | U7: =(N7*3)+O7 -> 65 | V7: 6
A8: 948406 | B8: 34195 | C8: Round | D8: Oldham | E8: 0 | F8: Ipswich | G8: 3 | H8: =IF(E8>G8,D8,IF(G8>E8,F8,"")) -> Ipswich | I8: =IF(H8="",D8,"") | J8: =IF(H8="",F8,"") | M8: Sheffield Weds | N8: =COUNTIF($H$2:$H$463,M8) -> 16 | O8: =COUNTIF($J$2:$J$463,M8)+COUNTIF($I$2:$I$463,M8) -> 16 | P8: =(COUNTIF($F$2:$F$463,M8)+COUNTIF($D$2:$D$463,M8))-SUM(N8:O8) -> 10 | Q8: =SUM(N8:P8) -> 42 | R8: =SUMIF(D:D,M8,E:E)+SUMIF(F:F,M8,G:G) -> 76 | S8: =SUMIF(D:D,M8,G:G)+SUMIF(F:F,M8,E:E) -> 54 | T8: =R8-S8 -> 22 | U8: =(N8*3)+O8 -> 64 | V8: 7
A9: 948161 | B9: 34195 | C9: Round | D9: Aston Villa | E9: 4 | F9: QPR | G9: 1 | H9: =IF(E9>G9,D9,IF(G9>E9,F9,"")) -> Aston Villa | I9: =IF(H9="",D9,"") | J9: =IF(H9="",F9,"") | M9: Liverpool | N9: =COUNTIF($H$2:$H$463,M9) -> 17 | O9: =COUNTIF($J$2:$J$463,M9)+COUNTIF($I$2:$I$463,M9) -> 9 | P9: =(COUNTIF($F$2:$F$463,M9)+COUNTIF($D$2:$D$463,M9))-SUM(N9:O9) -> 16 | Q9: =SUM(N9:P9) -> 42 | R9: =SUMIF(D:D,M9,E:E)+SUMIF(F:F,M9,G:G) -> 59 | S9: =SUMIF(D:D,M9,G:G)+SUMIF(F:F,M9,E:E) -> 55 | T9: =R9-S9 -> 4 | U9: =(N9*3)+O9 -> 60 | V9: 8
A10: 948192 | B10: 34195 | C10: Round | D10: Chelsea | E10: 1 | F10: Blackburn | G10: 2 | H10: =IF(E10>G10,D10,IF(G10>E10,F10,"")) -> Blackburn | I10: =IF(H10="",D10,"") | J10: =IF(H10="",F10,"") | M10: QPR | N10: =COUNTIF($H$2:$H$463,M10) -> 16 | O10: =COUNTIF($J$2:$J$463,M10)+COUNTIF($I$2:$I$463,M10) -> 12 | P10: =(COUNTIF($F$2:$F$463,M10)+COUNTIF($D$2:$D$463,M10))-SUM(N10:O10) -> 14 | Q10: =SUM(N10:P10) -> 42 | R10: =SUMIF(D:D,M10,E:E)+SUMIF(F:F,M10,G:G) -> 62 | S10: =SUMIF(D:D,M10,G:G)+SUMIF(F:F,M10,E:E) -> 61 | T10: =R10-S10 -> 1 | U10: =(N10*3)+O10 -> 60 | V10: 9
A11: 948459 | B11: 34195 | C11: Round | D11: Sheffield United | E11: 3 | F11: Swindon | G11: 1 | H11: =IF(E11>G11,D11,IF(G11>E11,F11,"")) -> Sheffield United | I11: =IF(H11="",D11,"") | J11: =IF(H11="",F11,"") | M11: Aston Villa | N11: =COUNTIF($H$2:$H$463,M11) -> 15 | O11: =COUNTIF($J$2:$J$463,M11)+COUNTIF($I$2:$I$463,M11) -> 12 | P11: =(COUNTIF($F$2:$F$463,M11)+COUNTIF($D$2:$D$463,M11))-SUM(N11:O11) -> 15 | Q11: =SUM(N11:P11) -> 42 | R11: =SUMIF(D:D,M11,E:E)+SUMIF(F:F,M11,G:G) -> 46 | S11: =SUMIF(D:D,M11,G:G)+SUMIF(F:F,M11,E:E) -> 50 | T11: =R11-S11 -> -4 | U11: =(N11*3)+O11 -> 57 | V11: 10
A12: 948389 | B12: 34196 | C12: Round | D12: Norwich | E12: 0 | F12: Manchester United | G12: 2 | H12: =IF(E12>G12,D12,IF(G12>E12,F12,"")) -> Manchester United | I12: =IF(H12="",D12,"") | J12: =IF(H12="",F12,"") | M12: Coventry | N12: =COUNTIF($H$2:$H$463,M12) -> 14 | O12: =COUNTIF($J$2:$J$463,M12)+COUNTIF($I$2:$I$463,M12) -> 14 | P12: =(COUNTIF($F$2:$F$463,M12)+COUNTIF($D$2:$D$463,M12))-SUM(N12:O12) -> 14 | Q12: =SUM(N12:P12) -> 42 | R12: =SUMIF(D:D,M12,E:E)+SUMIF(F:F,M12,G:G) -> 43 | S12: =SUMIF(D:D,M12,G:G)+SUMIF(F:F,M12,E:E) -> 45 | T12: =R12-S12 -> -2 | U12: =(N12*3)+O12 -> 56 | V12: 11
A13: 948526 | B13: 34197 | C13: Round | D13: Tottenham | E13: 0 | F13: Arsenal | G13: 1 | H13: =IF(E13>G13,D13,IF(G13>E13,F13,"")) -> Arsenal | I13: =IF(H13="",D13,"") | J13: =IF(H13="",F13,"") | M13: Norwich | N13: =COUNTIF($H$2:$H$463,M13) -> 12 | O13: =COUNTIF($J$2:$J$463,M13)+COUNTIF($I$2:$I$463,M13) -> 17 | P13: =(COUNTIF($F$2:$F$463,M13)+COUNTIF($D$2:$D$463,M13))-SUM(N13:O13) -> 13 | Q13: =SUM(N13:P13) -> 42 | R13: =SUMIF(D:D,M13,E:E)+SUMIF(F:F,M13,G:G) -> 65 | S13: =SUMIF(D:D,M13,G:G)+SUMIF(F:F,M13,E:E) -> 61 | T13: =R13-S13 -> 4 | U13: =(N13*3)+O13 -> 53 | V13: 12
... A23: 948221 | B23: 34199 | C23: Round | D23: Coventry | E23: 2 | F23: Newcastle | G23: 1 | H23: =IF(E23>G23,D23,IF(G23>E23,F23,"")) -> Coventry | I23: =IF(H23="",D23,"") | J23: =IF(H23="",F23,"") | M23: Swindon | N23: =COUNTIF($H$2:$H$463,M23) -> 5 | O23: =COUNTIF($J$2:$J$463,M23)+COUNTIF($I$2:$I$463,M23) -> 15 | P23: =(COUNTIF($F$2:$F$463,M23)+COUNTIF($D$2:$D$463,M23))-SUM(N23:O23) -> 22 | Q23: =SUM(N23:P23) -> 42 | R23: =SUMIF(D:D,M23,E:E)+SUMIF(F:F,M23,G:G) -> 47 | S23: =SUMIF(D:D,M23,G:G)+SUMIF(F:F,M23,E:E) -> 100 | T23: =R23-S23 -> -53 | U23: =(N23*3)+O23 -> 30 | V23: 22
A24: 948230 | B24: 34202 | C24: Round | D24: Coventry | E24: 1 | F24: West Ham | G24: 1 | H24: =IF(E24>G24,D24,IF(G24>E24,F24,"")) | I24: =IF(H24="",D24,"") -> Coventry | J24: =IF(H24="",F24,"") -> West Ham
A25: 948246 | B25: 34202 | C25: Round | D25: Everton | E25: 4 | F25: Sheffield United | G25: 2 | H25: =IF(E25>G25,D25,IF(G25>E25,F25,"")) -> Everton | I25: =IF(H25="",D25,"") | J25: =IF(H25="",F25,"")
A26: 948256 | B26: 34202 | C26: Round | D26: Ipswich | E26: 1 | F26: Chelsea | G26: 0 | H26: =IF(E26>G26,D26,IF(G26>E26,F26,"")) -> Ipswich | I26: =IF(H26="",D26,"") | J26: =IF(H26="",F26,"")
A27: 948535 | B27: 34202 | C27: Round | D27: Tottenham | E27: 1 | F27: Manchester City | G27: 0 | H27: =IF(E27>G27,D27,IF(G27>E27,F27,"")) -> Tottenham | I27: =IF(H27="",D27,"") | J27: =IF(H27="",F27,"")
A28: 948285 | B28: 34202 | C28: Round | D28: Leeds | E28: 0 | F28: Norwich | G28: 4 | H28: =IF(E28>G28,D28,IF(G28>E28,F28,"")) -> Norwich | I28: =IF(H28="",D28,"") | J28: =IF(H28="",F28,"")
A29: 948569 | B29: 34202 | C29: Round | D29: Wimbledon FC | E29: 2 | F29: Aston Villa | G29: 2 | H29: =IF(E29>G29,D29,IF(G29>E29,F29,"")) | I29: =IF(H29="",D29,"") -> Wimbledon FC | J29: =IF(H29="",F29,"") -> Aston Villa
A30: 948347 | B30: 34202 | C30: Round | D30: Manchester United | E30: 1 | F30: Newcastle | G30: 1 | H30: =IF(E30>G30,D30,IF(G30>E30,F30,"")) | I30: =IF(H30="",D30,"") -> Manchester United | J30: =IF(H30="",F30,"") -> Newcastle
A31: 948181 | B31: 34202 | C31: Round | D31: Blackburn | E31: 1 | F31: Oldham | G31: 0 | H31: =IF(E31>G31,D31,IF(G31>E31,F31,"")) -> Blackburn | I31: =IF(H31="",D31,"") | J31: =IF(H31="",F31,"")
A32: 948437 | B32: 34202 | C32: Round | D32: QPR | E32: 2 | F32: Southampton | G32: 1 | H32: =IF(E32>G32,D32,IF(G32>E32,F32,"")) -> QPR | I32: =IF(H32="",D32,"") | J32: =IF(H32="",F32,"")
A33: 948463 | B33: 34202 | C33: Round | D33: Sheffield Weds | E33: 0 | F33: Arsenal | G33: 1 | H33: =IF(E33>G33,D33,IF(G33>E33,F33,"")) -> Arsenal | I33: =IF(H33="",D33,"") | J33: =IF(H33="",F33,"")
A34: 948513 | B34: 34203 | C34: Round | D34: Swindon | E34: 0 | F34: Liverpool | G34: 5 | H34: =IF(E34>G34,D34,IF(G34>E34,F34,"")) -> Liverpool | I34: =IF(H34="",D34,"") | J34: =IF(H34="",F34,"")
A35: 948157 | B35: 34204 | C35: Round | D35: Aston Villa | E35: 1 | F35: Manchester United | G35: 2 | H35: =IF(E35>G35,D35,IF(G35>E35,F35,"")) -> Manchester United | I35: =IF(H35="",D35,"") | J35: =IF(H35="",F35,"")
... A463: 948341 | B463: 34462 | C463: Round | D463: Manchester United | E463: 0 | F463: Coventry | G463: 0 | H463: =IF(E463>G463,D463,IF(G463>E463,F463,"")) | I463: =IF(H463="",D463,"") -> Manchester United | J463: =IF(H463="",F463,"") -> Coventry

Sheet 1994-1995
A1: ID | B1: Date | C1: Round | D1: Home | F1: Away | H1: Winner | I1: Draw-1 | J1: Draw-2 | M1: Team | N1: Wins | O1: Draws | P1: Losses | Q1: Games Played | R1: Goals For | S1: Goals Against | T1: Goal Difference | U1: Points | V1: Position
A2: 948750 | B2: 34566 | C2: Round | D2: Ipswich | E2: 0 | F2: Nottingham Forest | G2: 1 | H2: =IF(E2>G2,D2,IF(G2>E2,F2,"")) -> Nottingham Forest | I2: =IF(H2="",D2,"") | J2: =IF(H2="",F2,"") | M2: Blackburn | N2: =COUNTIF($H$2:$H$463,M2) -> 27 | O2: =COUNTIF($J$2:$J$463,M2)+COUNTIF($I$2:$I$463,M2) -> 8 | P2: =(COUNTIF($F$2:$F$463,M2)+COUNTIF($D$2:$D$463,M2))-SUM(N2:O2) -> 7 | Q2: =SUM(N2:P2) -> 42 | R2: =SUMIF(D:D,M2,E:E)+SUMIF(F:F,M2,G:G) -> 80 | S2: =SUMIF(D:D,M2,G:G)+SUMIF(F:F,M2,E:E) -> 39 | T2: =R2-S2 -> 41 | U2: =(N2*3)+O2 -> 89 | V2: 1
A3: 949017 | B3: 34566 | C3: Round | D3: West Ham | E3: 0 | F3: Leeds | G3: 0 | H3: =IF(E3>G3,D3,IF(G3>E3,F3,"")) | I3: =IF(H3="",D3,"") -> West Ham | J3: =IF(H3="",F3,"") -> Leeds | M3: Manchester United | N3: =COUNTIF($H$2:$H$463,M3) -> 26 | O3: =COUNTIF($J$2:$J$463,M3)+COUNTIF($I$2:$I$463,M3) -> 10 | P3: =(COUNTIF($F$2:$F$463,M3)+COUNTIF($D$2:$D$463,M3))-SUM(N3:O3) -> 6 | Q3: =SUM(N3:P3) -> 42 | R3: =SUMIF(D:D,M3,E:E)+SUMIF(F:F,M3,G:G) -> 77 | S3: =SUMIF(D:D,M3,G:G)+SUMIF(F:F,M3,E:E) -> 28 | T3: =R3-S3 -> 49 | U3: =(N3*3)+O3 -> 88 | V3: 2
A4: 948599 | B4: 34566 | C4: Round | D4: Arsenal | E4: 3 | F4: Manchester City | G4: 0 | H4: =IF(E4>G4,D4,IF(G4>E4,F4,"")) -> Arsenal | I4: =IF(H4="",D4,"") | J4: =IF(H4="",F4,"") | M4: Nottingham Forest | N4: =COUNTIF($H$2:$H$463,M4) -> 22 | O4: =COUNTIF($J$2:$J$463,M4)+COUNTIF($I$2:$I$463,M4) -> 11 | P4: =(COUNTIF($F$2:$F$463,M4)+COUNTIF($D$2:$D$463,M4))-SUM(N4:O4) -> 9 | Q4: =SUM(N4:P4) -> 42 | R4: =SUMIF(D:D,M4,E:E)+SUMIF(F:F,M4,G:G) -> 72 | S4: =SUMIF(D:D,M4,G:G)+SUMIF(F:F,M4,E:E) -> 43 | T4: =R4-S4 -> 29 | U4: =(N4*3)+O4 -> 77 | V4: 3
A5: 948856 | B5: 34566 | C5: Round | D5: Manchester United | E5: 2 | F5: QPR | G5: 0 | H5: =IF(E5>G5,D5,IF(G5>E5,F5,"")) -> Manchester United | I5: =IF(H5="",D5,"") | J5: =IF(H5="",F5,"") | M5: Liverpool | N5: =COUNTIF($H$2:$H$463,M5) -> 21 | O5: =COUNTIF($J$2:$J$463,M5)+COUNTIF($I$2:$I$463,M5) -> 11 | P5: =(COUNTIF($F$2:$F$463,M5)+COUNTIF($D$2:$D$463,M5))-SUM(N5:O5) -> 10 | Q5: =SUM(N5:P5) -> 42 | R5: =SUMIF(D:D,M5,E:E)+SUMIF(F:F,M5,G:G) -> 65 | S5: =SUMIF(D:D,M5,G:G)+SUMIF(F:F,M5,E:E) -> 37 | T5: =R5-S5 -> 28 | U5: =(N5*3)+O5 -> 74 | V5: 4
A6: 948665 | B6: 34566 | C6: Round | D6: Chelsea | E6: 2 | F6: Norwich | G6: 0 | H6: =IF(E6>G6,D6,IF(G6>E6,F6,"")) -> Chelsea | I6: =IF(H6="",D6,"") | J6: =IF(H6="",F6,"") | M6: Leeds | N6: =COUNTIF($H$2:$H$463,M6) -> 20 | O6: =COUNTIF($J$2:$J$463,M6)+COUNTIF($I$2:$I$463,M6) -> 13 | P6: =(COUNTIF($F$2:$F$463,M6)+COUNTIF($D$2:$D$463,M6))-SUM(N6:O6) -> 9 | Q6: =SUM(N6:P6) -> 42 | R6: =SUMIF(D:D,M6,E:E)+SUMIF(F:F,M6,G:G) -> 59 | S6: =SUMIF(D:D,M6,G:G)+SUMIF(F:F,M6,E:E) -> 38 | T6: =R6-S6 -> 21 | U6: =(N6*3)+O6 -> 73 | V6: 5
A7: 948693 | B7: 34566 | C7: Round | D7: Coventry | E7: 1 | F7: Wimbledon FC | G7: 1 | H7: =IF(E7>G7,D7,IF(G7>E7,F7,"")) | I7: =IF(H7="",D7,"") -> Coventry | J7: =IF(H7="",F7,"") -> Wimbledon FC | M7: Newcastle | N7: =COUNTIF($H$2:$H$463,M7) -> 20 | O7: =COUNTIF($J$2:$J$463,M7)+COUNTIF($I$2:$I$463,M7) -> 12 | P7: =(COUNTIF($F$2:$F$463,M7)+COUNTIF($D$2:$D$463,M7))-SUM(N7:O7) -> 10 | Q7: =SUM(N7:P7) -> 42 | R7: =SUMIF(D:D,M7,E:E)+SUMIF(F:F,M7,G:G) -> 67 | S7: =SUMIF(D:D,M7,G:G)+SUMIF(F:F,M7,E:E) -> 47 | T7: =R7-S7 -> 20 | U7: =(N7*3)+O7 -> 72 | V7: 6
A8: 948703 | B8: 34566 | C8: Round | D8: Crystal Palace | E8: 1 | F8: Liverpool | G8: 6 | H8: =IF(E8>G8,D8,IF(G8>E8,F8,"")) -> Liverpool | I8: =IF(H8="",D8,"") | J8: =IF(H8="",F8,"") | M8: Tottenham | N8: =COUNTIF($H$2:$H$463,M8) -> 16 | O8: =COUNTIF($J$2:$J$463,M8)+COUNTIF($I$2:$I$463,M8) -> 14 | P8: =(COUNTIF($F$2:$F$463,M8)+COUNTIF($D$2:$D$463,M8))-SUM(N8:O8) -> 12 | Q8: =SUM(N8:P8) -> 42 | R8: =SUMIF(D:D,M8,E:E)+SUMIF(F:F,M8,G:G) -> 66 | S8: =SUMIF(D:D,M8,G:G)+SUMIF(F:F,M8,E:E) -> 58 | T8: =R8-S8 -> 8 | U8: =(N8*3)+O8 -> 62 | V8: 7
A9: 948964 | B9: 34566 | C9: Round | D9: Sheffield Weds | E9: 3 | F9: Tottenham | G9: 4 | H9: =IF(E9>G9,D9,IF(G9>E9,F9,"")) -> Tottenham | I9: =IF(H9="",D9,"") | J9: =IF(H9="",F9,"") | M9: QPR | N9: =COUNTIF($H$2:$H$463,M9) -> 17 | O9: =COUNTIF($J$2:$J$463,M9)+COUNTIF($I$2:$I$463,M9) -> 9 | P9: =(COUNTIF($F$2:$F$463,M9)+COUNTIF($D$2:$D$463,M9))-SUM(N9:O9) -> 16 | Q9: =SUM(N9:P9) -> 42 | R9: =SUMIF(D:D,M9,E:E)+SUMIF(F:F,M9,G:G) -> 61 | S9: =SUMIF(D:D,M9,G:G)+SUMIF(F:F,M9,E:E) -> 59 | T9: =R9-S9 -> 2 | U9: =(N9*3)+O9 -> 60 | V9: 8
A10: 948969 | B10: 34566 | C10: Round | D10: Southampton | E10: 1 | F10: Blackburn | G10: 1 | H10: =IF(E10>G10,D10,IF(G10>E10,F10,"")) | I10: =IF(H10="",D10,"") -> Southampton | J10: =IF(H10="",F10,"") -> Blackburn | M10: Wimbledon FC | N10: =COUNTIF($H$2:$H$463,M10) -> 15 | O10: =COUNTIF($J$2:$J$463,M10)+COUNTIF($I$2:$I$463,M10) -> 11 | P10: =(COUNTIF($F$2:$F$463,M10)+COUNTIF($D$2:$D$463,M10))-SUM(N10:O10) -> 16 | Q10: =SUM(N10:P10) -> 42 | R10: =SUMIF(D:D,M10,E:E)+SUMIF(F:F,M10,G:G) -> 48 | S10: =SUMIF(D:D,M10,G:G)+SUMIF(F:F,M10,E:E) -> 65 | T10: =R10-S10 -> -17 | U10: =(N10*3)+O10 -> 56 | V10: 9
A11: 948716 | B11: 34566 | C11: Round | D11: Everton | E11: 2 | F11: Aston Villa | G11: 2 | H11: =IF(E11>G11,D11,IF(G11>E11,F11,"")) | I11: =IF(H11="",D11,"") -> Everton | J11: =IF(H11="",F11,"") -> Aston Villa | M11: Southampton | N11: =COUNTIF($H$2:$H$463,M11) -> 12 | O11: =COUNTIF($J$2:$J$463,M11)+COUNTIF($I$2:$I$463,M11) -> 18 | P11: =(COUNTIF($F$2:$F$463,M11)+COUNTIF($D$2:$D$463,M11))-SUM(N11:O11) -> 12 | Q11: =SUM(N11:P11) -> 42 | R11: =SUMIF(D:D,M11,E:E)+SUMIF(F:F,M11,G:G) -> 61 | S11: =SUMIF(D:D,M11,G:G)+SUMIF(F:F,M11,E:E) -> 63 | T11: =R11-S11 -> -2 | U11: =(N11*3)+O11 -> 54 | V11: 10
A12: 948790 | B12: 34567 | C12: Round | D12: Leicester | E12: 1 | F12: Newcastle | G12: 3 | H12: =IF(E12>G12,D12,IF(G12>E12,F12,"")) -> Newcastle | I12: =IF(H12="",D12,"") | J12: =IF(H12="",F12,"") | M12: Chelsea | N12: =COUNTIF($H$2:$H$463,M12) -> 13 | O12: =COUNTIF($J$2:$J$463,M12)+COUNTIF($I$2:$I$463,M12) -> 15 | P12: =(COUNTIF($F$2:$F$463,M12)+COUNTIF($D$2:$D$463,M12))-SUM(N12:O12) -> 14 | Q12: =SUM(N12:P12) -> 42 | R12: =SUMIF(D:D,M12,E:E)+SUMIF(F:F,M12,G:G) -> 50 | S12: =SUMIF(D:D,M12,G:G)+SUMIF(F:F,M12,E:E) -> 55 | T12: =R12-S12 -> -5 | U12: =(N12*3)+O12 -> 54 | V12: 11
A13: 948916 | B13: 34568 | C13: Round | D13: Nottingham Forest | E13: 1 | F13: Manchester United | G13: 1 | H13: =IF(E13>G13,D13,IF(G13>E13,F13,"")) | I13: =IF(H13="",D13,"") -> Nottingham Forest | J13: =IF(H13="",F13,"") -> Manchester United | M13: Arsenal | N13: =COUNTIF($H$2:$H$463,M13) -> 13 | O13: =COUNTIF($J$2:$J$463,M13)+COUNTIF($I$2:$I$463,M13) -> 12 | P13: =(COUNTIF($F$2:$F$463,M13)+COUNTIF($D$2:$D$463,M13))-SUM(N13:O13) -> 17 | Q13: =SUM(N13:P13) -> 42 | R13: =SUMIF(D:D,M13,E:E)+SUMIF(F:F,M13,G:G) -> 52 | S13: =SUMIF(D:D,M13,G:G)+SUMIF(F:F,M13,E:E) -> 49 | T13: =R13-S13 -> 3 | U13: =(N13*3)+O13 -> 51 | V13: 12
... A23: 949000 | B23: 34573 | C23: Round | D23: Tottenham | E23: 0 | F23: Manchester United | G23: 1 | H23: =IF(E23>G23,D23,IF(G23>E23,F23,"")) -> Manchester United | I23: =IF(H23="",D23,"") | J23: =IF(H23="",F23,"") | M23: Ipswich | N23: =COUNTIF($H$2:$H$463,M23) -> 7 | O23: =COUNTIF($J$2:$J$463,M23)+COUNTIF($I$2:$I$463,M23) -> 6 | P23: =(COUNTIF($F$2:$F$463,M23)+COUNTIF($D$2:$D$463,M23))-SUM(N23:O23) -> 29 | Q23: =SUM(N23:P23) -> 42 | R23: =SUMIF(D:D,M23,E:E)+SUMIF(F:F,M23,G:G) -> 36 | S23: =SUMIF(D:D,M23,G:G)+SUMIF(F:F,M23,E:E) -> 93 | T23: =R23-S23 -> -57 | U23: =(N23*3)+O23 -> 27 | V23: 22
A24: 948760 | B24: 34573 | C24: Round | D24: Leeds | E24: 2 | F24: Chelsea | G24: 3 | H24: =IF(E24>G24,D24,IF(G24>E24,F24,"")) -> Chelsea | I24: =IF(H24="",D24,"") | J24: =IF(H24="",F24,"")
A25: 949047 | B25: 34573 | C25: Round | D25: Wimbledon FC | E25: 0 | F25: Sheffield Weds | G25: 1 | H25: =IF(E25>G25,D25,IF(G25>E25,F25,"")) -> Sheffield Weds | I25: =IF(H25="",D25,"") | J25: =IF(H25="",F25,"")
A26: 948826 | B26: 34573 | C26: Round | D26: Manchester City | E26: 4 | F26: Everton | G26: 0 | H26: =IF(E26>G26,D26,IF(G26>E26,F26,"")) -> Manchester City | I26: =IF(H26="",D26,"") | J26: =IF(H26="",F26,"")
A27: 948614 | B27: 34573 | C27: Round | D27: Aston Villa | E27: 1 | F27: Crystal Palace | G27: 1 | H27: =IF(E27>G27,D27,IF(G27>E27,F27,"")) | I27: =IF(H27="",D27,"") -> Aston Villa | J27: =IF(H27="",F27,"") -> Crystal Palace
A28: 948879 | B28: 34573 | C28: Round | D28: Newcastle | E28: 5 | F28: Southampton | G28: 1 | H28: =IF(E28>G28,D28,IF(G28>E28,F28,"")) -> Newcastle | I28: =IF(H28="",D28,"") | J28: =IF(H28="",F28,"")
A29: 948634 | B29: 34573 | C29: Round | D29: Blackburn | E29: 4 | F29: Coventry | G29: 0 | H29: =IF(E29>G29,D29,IF(G29>E29,F29,"")) -> Blackburn | I29: =IF(H29="",D29,"") | J29: =IF(H29="",F29,"")
A30: 948902 | B30: 34573 | C30: Round | D30: Norwich | E30: 1 | F30: West Ham | G30: 0 | H30: =IF(E30>G30,D30,IF(G30>E30,F30,"")) -> Norwich | I30: =IF(H30="",D30,"") | J30: =IF(H30="",F30,"")
A31: 948913 | B31: 34573 | C31: Round | D31: Nottingham Forest | E31: 1 | F31: Leicester | G31: 0 | H31: =IF(E31>G31,D31,IF(G31>E31,F31,"")) -> Nottingham Forest | I31: =IF(H31="",D31,"") | J31: =IF(H31="",F31,"")
A32: 948932 | B32: 34573 | C32: Round | D32: QPR | E32: 1 | F32: Ipswich | G32: 2 | H32: =IF(E32>G32,D32,IF(G32>E32,F32,"")) -> Ipswich | I32: =IF(H32="",D32,"") | J32: =IF(H32="",F32,"")
A33: 948799 | B33: 34574 | C33: Round | D33: Liverpool | E33: 3 | F33: Arsenal | G33: 0 | H33: =IF(E33>G33,D33,IF(G33>E33,F33,"")) -> Liverpool | I33: =IF(H33="",D33,"") | J33: =IF(H33="",F33,"")
A34: 948674 | B34: 34575 | C34: Round | D34: Coventry | E34: 0 | F34: Aston Villa | G34: 1 | H34: =IF(E34>G34,D34,IF(G34>E34,F34,"")) -> Aston Villa | I34: =IF(H34="",D34,"") | J34: =IF(H34="",F34,"")
A35: 948754 | B35: 34576 | C35: Round | D35: Ipswich | E35: 1 | F35: Tottenham | G35: 3 | H35: =IF(E35>G35,D35,IF(G35>E35,F35,"")) -> Tottenham | I35: =IF(H35="",D35,"") | J35: =IF(H35="",F35,"")
... A463: 948976 | B463: 34833 | C463: Round | D463: Southampton | E463: 2 | F463: Leicester | G463: 2 | H463: =IF(E463>G463,D463,IF(G463>E463,F463,"")) | I463: =IF(H463="",D463,"") -> Southampton | J463: =IF(H463="",F463,"") -> Leicester

Sheet 1995-1996
A1: ID | B1: Date | C1: Round | D1: Home | F1: Away | H1: Winner | I1: Draw-1 | J1: Draw-2 | M1: Team | N1: Wins | O1: Draws | P1: Losses | Q1: Games Played | R1: Goals For | S1: Goals Against | T1: Goal Difference | U1: Points | V1: Position
A2: 949284 | B2: 34930 | C2: Round | D2: Newcastle | E2: 3 | F2: Coventry | G2: 0 | H2: =IF(E2>G2,D2,IF(G2>E2,F2,"")) -> Newcastle | I2: =IF(H2="",D2,"") | J2: =IF(H2="",F2,"") | M2: Manchester United | N2: =COUNTIF($H$2:$H$381,M2) -> 25 | O2: =COUNTIF($J$2:$J$381,M2)+COUNTIF($I$2:$I$381,M2) -> 7 | P2: =(COUNTIF($F$2:$F$381,M2)+COUNTIF($D$2:$D$381,M2))-SUM(N2:O2) -> 6 | Q2: =SUM(N2:P2) -> 38 | R2: =SUMIF(D:D,M2,E:E)+SUMIF(F:F,M2,G:G) -> 73 | S2: =SUMIF(D:D,M2,G:G)+SUMIF(F:F,M2,E:E) -> 35 | T2: =R2-S2 -> 38 | U2: =(N2*3)+O2 -> 82 | V2: 1
A3: 949079 | B3: 34930 | C3: Round | D3: Aston Villa | E3: 3 | F3: Manchester United | G3: 1 | H3: =IF(E3>G3,D3,IF(G3>E3,F3,"")) -> Aston Villa | I3: =IF(H3="",D3,"") | J3: =IF(H3="",F3,"") | M3: Newcastle | N3: =COUNTIF($H$2:$H$381,M3) -> 24 | O3: =COUNTIF($J$2:$J$381,M3)+COUNTIF($I$2:$I$381,M3) -> 6 | P3: =(COUNTIF($F$2:$F$381,M3)+COUNTIF($D$2:$D$381,M3))-SUM(N3:O3) -> 8 | Q3: =SUM(N3:P3) -> 38 | R3: =SUMIF(D:D,M3,E:E)+SUMIF(F:F,M3,G:G) -> 66 | S3: =SUMIF(D:D,M3,G:G)+SUMIF(F:F,M3,E:E) -> 37 | T3: =R3-S3 -> 29 | U3: =(N3*3)+O3 -> 78 | V3: 2
A4: 949102 | B4: 34930 | C4: Round | D4: Blackburn | E4: 1 | F4: QPR | G4: 0 | H4: =IF(E4>G4,D4,IF(G4>E4,F4,"")) -> Blackburn | I4: =IF(H4="",D4,"") | J4: =IF(H4="",F4,"") | M4: Liverpool | N4: =COUNTIF($H$2:$H$381,M4) -> 20 | O4: =COUNTIF($J$2:$J$381,M4)+COUNTIF($I$2:$I$381,M4) -> 11 | P4: =(COUNTIF($F$2:$F$381,M4)+COUNTIF($D$2:$D$381,M4))-SUM(N4:O4) -> 7 | Q4: =SUM(N4:P4) -> 38 | R4: =SUMIF(D:D,M4,E:E)+SUMIF(F:F,M4,G:G) -> 70 | S4: =SUMIF(D:D,M4,G:G)+SUMIF(F:F,M4,E:E) -> 34 | T4: =R4-S4 -> 36 | U4: =(N4*3)+O4 -> 71 | V4: 3
A5: 949368 | B5: 34930 | C5: Round | D5: Southampton | E5: 3 | F5: Nottingham Forest | G5: 4 | H5: =IF(E5>G5,D5,IF(G5>E5,F5,"")) -> Nottingham Forest | I5: =IF(H5="",D5,"") | J5: =IF(H5="",F5,"") | M5: Aston Villa | N5: =COUNTIF($H$2:$H$381,M5) -> 18 | O5: =COUNTIF($J$2:$J$381,M5)+COUNTIF($I$2:$I$381,M5) -> 9 | P5: =(COUNTIF($F$2:$F$381,M5)+COUNTIF($D$2:$D$381,M5))-SUM(N5:O5) -> 11 | Q5: =SUM(N5:P5) -> 38 | R5: =SUMIF(D:D,M5,E:E)+SUMIF(F:F,M5,G:G) -> 52 | S5: =SUMIF(D:D,M5,G:G)+SUMIF(F:F,M5,E:E) -> 35 | T5: =R5-S5 -> 17 | U5: =(N5*3)+O5 -> 63 | V5: 4
A6: 949132 | B6: 34930 | C6: Round | D6: Chelsea | E6: 0 | F6: Everton | G6: 0 | H6: =IF(E6>G6,D6,IF(G6>E6,F6,"")) | I6: =IF(H6="",D6,"") -> Chelsea | J6: =IF(H6="",F6,"") -> Everton | M6: Arsenal | N6: =COUNTIF($H$2:$H$381,M6) -> 17 | O6: =COUNTIF($J$2:$J$381,M6)+COUNTIF($I$2:$I$381,M6) -> 12 | P6: =(COUNTIF($F$2:$F$381,M6)+COUNTIF($D$2:$D$381,M6))-SUM(N6:O6) -> 9 | Q6: =SUM(N6:P6) -> 38 | R6: =SUMIF(D:D,M6,E:E)+SUMIF(F:F,M6,G:G) -> 49 | S6: =SUMIF(D:D,M6,G:G)+SUMIF(F:F,M6,E:E) -> 32 | T6: =R6-S6 -> 17 | U6: =(N6*3)+O6 -> 63 | V6: 5
A7: 949400 | B7: 34930 | C7: Round | D7: West Ham | E7: 1 | F7: Leeds | G7: 2 | H7: =IF(E7>G7,D7,IF(G7>E7,F7,"")) -> Leeds | I7: =IF(H7="",D7,"") | J7: =IF(H7="",F7,"") | M7: Everton | N7: =COUNTIF($H$2:$H$381,M7) -> 17 | O7: =COUNTIF($J$2:$J$381,M7)+COUNTIF($I$2:$I$381,M7) -> 10 | P7: =(COUNTIF($F$2:$F$381,M7)+COUNTIF($D$2:$D$381,M7))-SUM(N7:O7) -> 11 | Q7: =SUM(N7:P7) -> 38 | R7: =SUMIF(D:D,M7,E:E)+SUMIF(F:F,M7,G:G) -> 64 | S7: =SUMIF(D:D,M7,G:G)+SUMIF(F:F,M7,E:E) -> 44 | T7: =R7-S7 -> 20 | U7: =(N7*3)+O7 -> 61 | V7: 6
A8: 949415 | B8: 34930 | C8: Round | D8: Wimbledon FC | E8: 3 | F8: Bolton | G8: 2 | H8: =IF(E8>G8,D8,IF(G8>E8,F8,"")) -> Wimbledon FC | I8: =IF(H8="",D8,"") | J8: =IF(H8="",F8,"") | M8: Blackburn | N8: =COUNTIF($H$2:$H$381,M8) -> 18 | O8: =COUNTIF($J$2:$J$381,M8)+COUNTIF($I$2:$I$381,M8) -> 7 | P8: =(COUNTIF($F$2:$F$381,M8)+COUNTIF($D$2:$D$381,M8))-SUM(N8:O8) -> 13 | Q8: =SUM(N8:P8) -> 38 | R8: =SUMIF(D:D,M8,E:E)+SUMIF(F:F,M8,G:G) -> 61 | S8: =SUMIF(D:D,M8,G:G)+SUMIF(F:F,M8,E:E) -> 47 | T8: =R8-S8 -> 14 | U8: =(N8*3)+O8 -> 61 | V8: 7
A9: 949217 | B9: 34930 | C9: Round | D9: Liverpool | E9: 1 | F9: Sheffield Weds | G9: 0 | H9: =IF(E9>G9,D9,IF(G9>E9,F9,"")) -> Liverpool | I9: =IF(H9="",D9,"") | J9: =IF(H9="",F9,"") | M9: Tottenham | N9: =COUNTIF($H$2:$H$381,M9) -> 16 | O9: =COUNTIF($J$2:$J$381,M9)+COUNTIF($I$2:$I$381,M9) -> 13 | P9: =(COUNTIF($F$2:$F$381,M9)+COUNTIF($D$2:$D$381,M9))-SUM(N9:O9) -> 9 | Q9: =SUM(N9:P9) -> 38 | R9: =SUMIF(D:D,M9,E:E)+SUMIF(F:F,M9,G:G) -> 50 | S9: =SUMIF(D:D,M9,G:G)+SUMIF(F:F,M9,E:E) -> 38 | T9: =R9-S9 -> 12 | U9: =(N9*3)+O9 -> 61 | V9: 8
A10: 949238 | B10: 34930 | C10: Round | D10: Manchester City | E10: 1 | F10: Tottenham | G10: 1 | H10: =IF(E10>G10,D10,IF(G10>E10,F10,"")) | I10: =IF(H10="",D10,"") -> Manchester City | J10: =IF(H10="",F10,"") -> Tottenham | M10: Nottingham Forest | N10: =COUNTIF($H$2:$H$381,M10) -> 15 | O10: =COUNTIF($J$2:$J$381,M10)+COUNTIF($I$2:$I$381,M10) -> 13 | P10: =(COUNTIF($F$2:$F$381,M10)+COUNTIF($D$2:$D$381,M10))-SUM(N10:O10) -> 10 | Q10: =SUM(N10:P10) -> 38 | R10: =SUMIF(D:D,M10,E:E)+SUMIF(F:F,M10,G:G) -> 50 | S10: =SUMIF(D:D,M10,G:G)+SUMIF(F:F,M10,E:E) -> 54 | T10: =R10-S10 -> -4 | U10: =(N10*3)+O10 -> 58 | V10: 9
A11: 949061 | B11: 34931 | C11: Round | D11: Arsenal | E11: 1 | F11: Middlesbrough | G11: 1 | H11: =IF(E11>G11,D11,IF(G11>E11,F11,"")) | I11: =IF(H11="",D11,"") -> Arsenal | J11: =IF(H11="",F11,"") -> Middlesbrough | M11: West Ham | N11: =COUNTIF($H$2:$H$381,M11) -> 14 | O11: =COUNTIF($J$2:$J$381,M11)+COUNTIF($I$2:$I$381,M11) -> 9 | P11: =(COUNTIF($F$2:$F$381,M11)+COUNTIF($D$2:$D$381,M11))-SUM(N11:O11) -> 15 | Q11: =SUM(N11:P11) -> 38 | R11: =SUMIF(D:D,M11,E:E)+SUMIF(F:F,M11,G:G) -> 43 | S11: =SUMIF(D:D,M11,G:G)+SUMIF(F:F,M11,E:E) -> 52 | T11: =R11-S11 -> -9 | U11: =(N11*3)+O11 -> 51 | V11: 10
A12: 949191 | B12: 34932 | C12: Round | D12: Leeds | E12: 1 | F12: Liverpool | G12: 0 | H12: =IF(E12>G12,D12,IF(G12>E12,F12,"")) -> Leeds | I12: =IF(H12="",D12,"") | J12: =IF(H12="",F12,"") | M12: Chelsea | N12: =COUNTIF($H$2:$H$381,M12) -> 12 | O12: =COUNTIF($J$2:$J$381,M12)+COUNTIF($I$2:$I$381,M12) -> 14 | P12: =(COUNTIF($F$2:$F$381,M12)+COUNTIF($D$2:$D$381,M12))-SUM(N12:O12) -> 12 | Q12: =SUM(N12:P12) -> 38 | R12: =SUMIF(D:D,M12,E:E)+SUMIF(F:F,M12,G:G) -> 46 | S12: =SUMIF(D:D,M12,G:G)+SUMIF(F:F,M12,E:E) -> 44 | T12: =R12-S12 -> 2 | U12: =(N12*3)+O12 -> 50 | V12: 11
A13: 949119 | B13: 34933 | C13: Round | D13: Bolton | E13: 1 | F13: Newcastle | G13: 3 | H13: =IF(E13>G13,D13,IF(G13>E13,F13,"")) -> Newcastle | I13: =IF(H13="",D13,"") | J13: =IF(H13="",F13,"") | M13: Middlesbrough | N13: =COUNTIF($H$2:$H$381,M13) -> 11 | O13: =COUNTIF($J$2:$J$381,M13)+COUNTIF($I$2:$I$381,M13) -> 10 | P13: =(COUNTIF($F$2:$F$381,M13)+COUNTIF($D$2:$D$381,M13))-SUM(N13:O13) -> 17 | Q13: =SUM(N13:P13) -> 38 | R13: =SUMIF(D:D,M13,E:E)+SUMIF(F:F,M13,G:G) -> 35 | S13: =SUMIF(D:D,M13,G:G)+SUMIF(F:F,M13,E:E) -> 50 | T13: =R13-S13 -> -15 | U13: =(N13*3)+O13 -> 43 | V13: 12
... A21: 949259 | B21: 34937 | C21: Round | D21: Manchester United | E21: 3 | F21: Wimbledon FC | G21: 1 | H21: =IF(E21>G21,D21,IF(G21>E21,F21,"")) -> Manchester United | I21: =IF(H21="",D21,"") | J21: =IF(H21="",F21,"") | M21: Bolton | N21: =COUNTIF($H$2:$H$381,M21) -> 8 | O21: =COUNTIF($J$2:$J$381,M21)+COUNTIF($I$2:$I$381,M21) -> 5 | P21: =(COUNTIF($F$2:$F$381,M21)+COUNTIF($D$2:$D$381,M21))-SUM(N21:O21) -> 25 | Q21: =SUM(N21:P21) -> 38 | R21: =SUMIF(D:D,M21,E:E)+SUMIF(F:F,M21,G:G) -> 39 | S21: =SUMIF(D:D,M21,G:G)+SUMIF(F:F,M21,E:E) -> 71 | T21: =R21-S21 -> -32 | U21: =(N21*3)+O21 -> 29 | V21: 20
A22: 949264 | B22: 34937 | C22: Round | D22: Middlesbrough | E22: 2 | F22: Chelsea | G22: 0 | H22: =IF(E22>G22,D22,IF(G22>E22,F22,"")) -> Middlesbrough | I22: =IF(H22="",D22,"") | J22: =IF(H22="",F22,"")
A23: 949315 | B23: 34937 | C23: Round | D23: Nottingham Forest | E23: 1 | F23: West Ham | G23: 1 | H23: =IF(E23>G23,D23,IF(G23>E23,F23,"")) | I23: =IF(H23="",D23,"") -> Nottingham Forest | J23: =IF(H23="",F23,"") -> West Ham
A24: 949326 | B24: 34937 | C24: Round | D24: QPR | E24: 1 | F24: Manchester City | G24: 0 | H24: =IF(E24>G24,D24,IF(G24>E24,F24,"")) -> QPR | I24: =IF(H24="",D24,"") | J24: =IF(H24="",F24,"")
A25: 949110 | B25: 34937 | C25: Round | D25: Bolton | E25: 2 | F25: Blackburn | G25: 1 | H25: =IF(E25>G25,D25,IF(G25>E25,F25,"")) -> Bolton | I25: =IF(H25="",D25,"") | J25: =IF(H25="",F25,"")
A26: 949382 | B26: 34937 | C26: Round | D26: Tottenham | E26: 1 | F26: Liverpool | G26: 3 | H26: =IF(E26>G26,D26,IF(G26>E26,F26,"")) -> Liverpool | I26: =IF(H26="",D26,"") | J26: =IF(H26="",F26,"")
A27: 949146 | B27: 34937 | C27: Round | D27: Coventry | E27: 0 | F27: Arsenal | G27: 0 | H27: =IF(E27>G27,D27,IF(G27>E27,F27,"")) | I27: =IF(H27="",D27,"") -> Coventry | J27: =IF(H27="",F27,"") -> Arsenal
A28: 949180 | B28: 34937 | C28: Round | D28: Everton | E28: 2 | F28: Southampton | G28: 0 | H28: =IF(E28>G28,D28,IF(G28>E28,F28,"")) -> Everton | I28: =IF(H28="",D28,"") | J28: =IF(H28="",F28,"")
A29: 949185 | B29: 34937 | C29: Round | D29: Leeds | E29: 2 | F29: Aston Villa | G29: 0 | H29: =IF(E29>G29,D29,IF(G29>E29,F29,"")) -> Leeds | I29: =IF(H29="",D29,"") | J29: =IF(H29="",F29,"")
A30: 949348 | B30: 34938 | C30: Round | D30: Sheffield Weds | E30: 0 | F30: Newcastle | G30: 2 | H30: =IF(E30>G30,D30,IF(G30>E30,F30,"")) -> Newcastle | I30: =IF(H30="",D30,"") | J30: =IF(H30="",F30,"")
A31: 949098 | B31: 34939 | C31: Round | D31: Blackburn | E31: 1 | F31: Manchester United | G31: 2 | H31: =IF(E31>G31,D31,IF(G31>E31,F31,"")) -> Manchester United | I31: =IF(H31="",D31,"") | J31: =IF(H31="",F31,"")
A32: 949063 | B32: 34940 | C32: Round | D32: Arsenal | E32: 1 | F32: Nottingham Forest | G32: 1 | H32: =IF(E32>G32,D32,IF(G32>E32,F32,"")) | I32: =IF(H32="",D32,"") -> Arsenal | J32: =IF(H32="",F32,"") -> Nottingham Forest
A33: 949290 | B33: 34941 | C33: Round | D33: Newcastle | E33: 1 | F33: Middlesbrough | G33: 0 | H33: =IF(E33>G33,D33,IF(G33>E33,F33,"")) -> Newcastle | I33: =IF(H33="",D33,"") | J33: =IF(H33="",F33,"")
... A381: 949230 | B381: 35189 | C381: Round | D381: Manchester City | E381: 2 | F381: Liverpool | G381: 2 | H381: =IF(E381>G381,D381,IF(G381>E381,F381,"")) | I381: =IF(H381="",D381,"") -> Manchester City | J381: =IF(H381="",F381,"") -> Liverpool

Sheet 1996-1997
A1: ID | B1: Date | C1: Round | D1: Home | F1: Away | H1: Winner | I1: Draw-1 | J1: Draw-2 | M1: Team | N1: Wins | O1: Draws | P1: Losses | Q1: Games Played | R1: Goals For | S1: Goals Against | T1: Goal Difference | U1: Points | V1: Position
A2: 949519 | B2: 35294 | C2: Round | D2: Coventry | E2: 0 | F2: Nottingham Forest | G2: 3 | H2: =IF(E2>G2,D2,IF(G2>E2,F2,"")) -> Nottingham Forest | I2: =IF(H2="",D2,"") | J2: =IF(H2="",F2,"") | M2: Manchester United | N2: =COUNTIF($H$2:$H$381,M2) -> 21 | O2: =COUNTIF($J$2:$J$381,M2)+COUNTIF($I$2:$I$381,M2) -> 12 | P2: =(COUNTIF($F$2:$F$381,M2)+COUNTIF($D$2:$D$381,M2))-SUM(N2:O2) -> 5 | Q2: =SUM(N2:P2) -> 38 | R2: =SUMIF(D:D,M2,E:E)+SUMIF(F:F,M2,G:G) -> 76 | S2: =SUMIF(D:D,M2,G:G)+SUMIF(F:F,M2,E:E) -> 44 | T2: =R2-S2 -> 32 | U2: =(N2*3)+O2 -> 75 | V2: 1
A3: 949532 | B3: 35294 | C3: Round | D3: Derby | E3: 3 | F3: Leeds | G3: 3 | H3: =IF(E3>G3,D3,IF(G3>E3,F3,"")) | I3: =IF(H3="",D3,"") -> Derby | J3: =IF(H3="",F3,"") -> Leeds | M3: Newcastle | N3: =COUNTIF($H$2:$H$381,M3) -> 19 | O3: =COUNTIF($J$2:$J$381,M3)+COUNTIF($I$2:$I$381,M3) -> 11 | P3: =(COUNTIF($F$2:$F$381,M3)+COUNTIF($D$2:$D$381,M3))-SUM(N3:O3) -> 8 | Q3: =SUM(N3:P3) -> 38 | R3: =SUMIF(D:D,M3,E:E)+SUMIF(F:F,M3,G:G) -> 73 | S3: =SUMIF(D:D,M3,G:G)+SUMIF(F:F,M3,E:E) -> 40 | T3: =R3-S3 -> 33 | U3: =(N3*3)+O3 -> 68 | V3: 2
A4: 949802 | B4: 35294 | C4: Round | D4: Wimbledon FC | E4: 0 | F4: Manchester United | G4: 3 | H4: =IF(E4>G4,D4,IF(G4>E4,F4,"")) -> Manchester United | I4: =IF(H4="",D4,"") | J4: =IF(H4="",F4,"") | M4: Arsenal | N4: =COUNTIF($H$2:$H$381,M4) -> 19 | O4: =COUNTIF($J$2:$J$381,M4)+COUNTIF($I$2:$I$381,M4) -> 11 | P4: =(COUNTIF($F$2:$F$381,M4)+COUNTIF($D$2:$D$381,M4))-SUM(N4:O4) -> 8 | Q4: =SUM(N4:P4) -> 38 | R4: =SUMIF(D:D,M4,E:E)+SUMIF(F:F,M4,G:G) -> 62 | S4: =SUMIF(D:D,M4,G:G)+SUMIF(F:F,M4,E:E) -> 32 | T4: =R4-S4 -> 30 | U4: =(N4*3)+O4 -> 68 | V4: 3
A5: 949556 | B5: 35294 | C5: Round | D5: Everton | E5: 2 | F5: Newcastle | G5: 0 | H5: =IF(E5>G5,D5,IF(G5>E5,F5,"")) -> Everton | I5: =IF(H5="",D5,"") | J5: =IF(H5="",F5,"") | M5: Liverpool | N5: =COUNTIF($H$2:$H$381,M5) -> 19 | O5: =COUNTIF($J$2:$J$381,M5)+COUNTIF($I$2:$I$381,M5) -> 11 | P5: =(COUNTIF($F$2:$F$381,M5)+COUNTIF($D$2:$D$381,M5))-SUM(N5:O5) -> 8 | Q5: =SUM(N5:P5) -> 38 | R5: =SUMIF(D:D,M5,E:E)+SUMIF(F:F,M5,G:G) -> 62 | S5: =SUMIF(D:D,M5,G:G)+SUMIF(F:F,M5,E:E) -> 37 | T5: =R5-S5 -> 25 | U5: =(N5*3)+O5 -> 68 | V5: 4
A6: 949649 | B6: 35294 | C6: Round | D6: Middlesbrough | E6: 3 | F6: Liverpool | G6: 3 | H6: =IF(E6>G6,D6,IF(G6>E6,F6,"")) | I6: =IF(H6="",D6,"") -> Middlesbrough | J6: =IF(H6="",F6,"") -> Liverpool | M6: Aston Villa | N6: =COUNTIF($H$2:$H$381,M6) -> 17 | O6: =COUNTIF($J$2:$J$381,M6)+COUNTIF($I$2:$I$381,M6) -> 10 | P6: =(COUNTIF($F$2:$F$381,M6)+COUNTIF($D$2:$D$381,M6))-SUM(N6:O6) -> 11 | Q6: =SUM(N6:P6) -> 38 | R6: =SUMIF(D:D,M6,E:E)+SUMIF(F:F,M6,G:G) -> 47 | S6: =SUMIF(D:D,M6,G:G)+SUMIF(F:F,M6,E:E) -> 34 | T6: =R6-S6 -> 13 | U6: =(N6*3)+O6 -> 61 | V6: 5
A7: 949698 | B7: 35294 | C7: Round | D7: Sheffield Weds | E7: 2 | F7: Aston Villa | G7: 1 | H7: =IF(E7>G7,D7,IF(G7>E7,F7,"")) -> Sheffield Weds | I7: =IF(H7="",D7,"") | J7: =IF(H7="",F7,"") | M7: Chelsea | N7: =COUNTIF($H$2:$H$381,M7) -> 16 | O7: =COUNTIF($J$2:$J$381,M7)+COUNTIF($I$2:$I$381,M7) -> 11 | P7: =(COUNTIF($F$2:$F$381,M7)+COUNTIF($D$2:$D$381,M7))-SUM(N7:O7) -> 11 | Q7: =SUM(N7:P7) -> 38 | R7: =SUMIF(D:D,M7,E:E)+SUMIF(F:F,M7,G:G) -> 58 | S7: =SUMIF(D:D,M7,G:G)+SUMIF(F:F,M7,E:E) -> 55 | T7: =R7-S7 -> 3 | U7: =(N7*3)+O7 -> 59 | V7: 6
A8: 949448 | B8: 35294 | C8: Round | D8: Arsenal | E8: 2 | F8: West Ham | G8: 0 | H8: =IF(E8>G8,D8,IF(G8>E8,F8,"")) -> Arsenal | I8: =IF(H8="",D8,"") | J8: =IF(H8="",F8,"") | M8: Sheffield Weds | N8: =COUNTIF($H$2:$H$381,M8) -> 14 | O8: =COUNTIF($J$2:$J$381,M8)+COUNTIF($I$2:$I$381,M8) -> 15 | P8: =(COUNTIF($F$2:$F$381,M8)+COUNTIF($D$2:$D$381,M8))-SUM(N8:O8) -> 9 | Q8: =SUM(N8:P8) -> 38 | R8: =SUMIF(D:D,M8,E:E)+SUMIF(F:F,M8,G:G) -> 50 | S8: =SUMIF(D:D,M8,G:G)+SUMIF(F:F,M8,E:E) -> 51 | T8: =R8-S8 -> -1 | U8: =(N8*3)+O8 -> 57 | V8: 7
A9: 949485 | B9: 35294 | C9: Round | D9: Blackburn | E9: 0 | F9: Tottenham | G9: 2 | H9: =IF(E9>G9,D9,IF(G9>E9,F9,"")) -> Tottenham | I9: =IF(H9="",D9,"") | J9: =IF(H9="",F9,"") | M9: Wimbledon FC | N9: =COUNTIF($H$2:$H$381,M9) -> 15 | O9: =COUNTIF($J$2:$J$381,M9)+COUNTIF($I$2:$I$381,M9) -> 11 | P9: =(COUNTIF($F$2:$F$381,M9)+COUNTIF($D$2:$D$381,M9))-SUM(N9:O9) -> 12 | Q9: =SUM(N9:P9) -> 38 | R9: =SUMIF(D:D,M9,E:E)+SUMIF(F:F,M9,G:G) -> 49 | S9: =SUMIF(D:D,M9,G:G)+SUMIF(F:F,M9,E:E) -> 46 | T9: =R9-S9 -> 3 | U9: =(N9*3)+O9 -> 56 | V9: 8
A10: 949743 | B10: 35294 | C10: Round | D10: Sunderland | E10: 0 | F10: Leicester | G10: 0 | H10: =IF(E10>G10,D10,IF(G10>E10,F10,"")) | I10: =IF(H10="",D10,"") -> Sunderland | J10: =IF(H10="",F10,"") -> Leicester | M10: Leicester | N10: =COUNTIF($H$2:$H$381,M10) -> 12 | O10: =COUNTIF($J$2:$J$381,M10)+COUNTIF($I$2:$I$381,M10) -> 11 | P10: =(COUNTIF($F$2:$F$381,M10)+COUNTIF($D$2:$D$381,M10))-SUM(N10:O10) -> 15 | Q10: =SUM(N10:P10) -> 38 | R10: =SUMIF(D:D,M10,E:E)+SUMIF(F:F,M10,G:G) -> 46 | S10: =SUMIF(D:D,M10,G:G)+SUMIF(F:F,M10,E:E) -> 54 | T10: =R10-S10 -> -8 | U10: =(N10*3)+O10 -> 47 | V10: 9
A11: 949719 | B11: 35295 | C11: Round | D11: Southampton | E11: 0 | F11: Chelsea | G11: 0 | H11: =IF(E11>G11,D11,IF(G11>E11,F11,"")) | I11: =IF(H11="",D11,"") -> Southampton | J11: =IF(H11="",F11,"") -> Chelsea | M11: Tottenham | N11: =COUNTIF($H$2:$H$381,M11) -> 13 | O11: =COUNTIF($J$2:$J$381,M11)+COUNTIF($I$2:$I$381,M11) -> 7 | P11: =(COUNTIF($F$2:$F$381,M11)+COUNTIF($D$2:$D$381,M11))-SUM(N11:O11) -> 18 | Q11: =SUM(N11:P11) -> 38 | R11: =SUMIF(D:D,M11,E:E)+SUMIF(F:F,M11,G:G) -> 44 | S11: =SUMIF(D:D,M11,G:G)+SUMIF(F:F,M11,E:E) -> 51 | T11: =R11-S11 -> -7 | U11: =(N11*3)+O11 -> 46 | V11: 10
A12: 949602 | B12: 35296 | C12: Round | D12: Liverpool | E12: 2 | F12: Arsenal | G12: 0 | H12: =IF(E12>G12,D12,IF(G12>E12,F12,"")) -> Liverpool | I12: =IF(H12="",D12,"") | J12: =IF(H12="",F12,"") | M12: Leeds | N12: =COUNTIF($H$2:$H$381,M12) -> 11 | O12: =COUNTIF($J$2:$J$381,M12)+COUNTIF($I$2:$I$381,M12) -> 13 | P12: =(COUNTIF($F$2:$F$381,M12)+COUNTIF($D$2:$D$381,M12))-SUM(N12:O12) -> 14 | Q12: =SUM(N12:P12) -> 38 | R12: =SUMIF(D:D,M12,E:E)+SUMIF(F:F,M12,G:G) -> 28 | S12: =SUMIF(D:D,M12,G:G)+SUMIF(F:F,M12,E:E) -> 38 | T12: =R12-S12 -> -10 | U12: =(N12*3)+O12 -> 46 | V12: 11
A13: 949577 | B13: 35297 | C13: Round | D13: Leeds | E13: 0 | F13: Sheffield Weds | G13: 2 | H13: =IF(E13>G13,D13,IF(G13>E13,F13,"")) -> Sheffield Weds | I13: =IF(H13="",D13,"") | J13: =IF(H13="",F13,"") | M13: Derby | N13: =COUNTIF($H$2:$H$381,M13) -> 11 | O13: =COUNTIF($J$2:$J$381,M13)+COUNTIF($I$2:$I$381,M13) -> 13 | P13: =(COUNTIF($F$2:$F$381,M13)+COUNTIF($D$2:$D$381,M13))-SUM(N13:O13) -> 14 | Q13: =SUM(N13:P13) -> 38 | R13: =SUMIF(D:D,M13,E:E)+SUMIF(F:F,M13,G:G) -> 45 | S13: =SUMIF(D:D,M13,G:G)+SUMIF(F:F,M13,E:E) -> 58 | T13: =R13-S13 -> -13 | U13: =(N13*3)+O13 -> 46 | V13: 12
... A21: 949759 | B21: 35298 | C21: Round | D21: Tottenham | E21: 1 | F21: Derby | G21: 1 | H21: =IF(E21>G21,D21,IF(G21>E21,F21,"")) | I21: =IF(H21="",D21,"") -> Tottenham | J21: =IF(H21="",F21,"") -> Derby | M21: Nottingham Forest | N21: =COUNTIF($H$2:$H$381,M21) -> 6 | O21: =COUNTIF($J$2:$J$381,M21)+COUNTIF($I$2:$I$381,M21) -> 16 | P21: =(COUNTIF($F$2:$F$381,M21)+COUNTIF($D$2:$D$381,M21))-SUM(N21:O21) -> 16 | Q21: =SUM(N21:P21) -> 38 | R21: =SUMIF(D:D,M21,E:E)+SUMIF(F:F,M21,G:G) -> 31 | S21: =SUMIF(D:D,M21,G:G)+SUMIF(F:F,M21,E:E) -> 59 | T21: =R21-S21 -> -28 | U21: =(N21*3)+O21 -> 34 | V21: 20
A22: 949760 | B22: 35301 | C22: Round | D22: Tottenham | E22: 0 | F22: Everton | G22: 0 | H22: =IF(E22>G22,D22,IF(G22>E22,F22,"")) | I22: =IF(H22="",D22,"") -> Tottenham | J22: =IF(H22="",F22,"") -> Everton
A23: 949788 | B23: 35301 | C23: Round | D23: West Ham | E23: 2 | F23: Southampton | G23: 1 | H23: =IF(E23>G23,D23,IF(G23>E23,F23,"")) -> West Ham | I23: =IF(H23="",D23,"") | J23: =IF(H23="",F23,"")
A24: 949583 | B24: 35301 | C24: Round | D24: Leicester | E24: 0 | F24: Arsenal | G24: 2 | H24: =IF(E24>G24,D24,IF(G24>E24,F24,"")) -> Arsenal | I24: =IF(H24="",D24,"") | J24: =IF(H24="",F24,"")
A25: 949617 | B25: 35301 | C25: Round | D25: Liverpool | E25: 0 | F25: Sunderland | G25: 0 | H25: =IF(E25>G25,D25,IF(G25>E25,F25,"")) | I25: =IF(H25="",D25,"") -> Liverpool | J25: =IF(H25="",F25,"") -> Sunderland
A26: 949672 | B26: 35301 | C26: Round | D26: Newcastle | E26: 1 | F26: Sheffield Weds | G26: 2 | H26: =IF(E26>G26,D26,IF(G26>E26,F26,"")) -> Sheffield Weds | I26: =IF(H26="",D26,"") | J26: =IF(H26="",F26,"")
A27: 949689 | B27: 35301 | C27: Round | D27: Nottingham Forest | E27: 1 | F27: Middlesbrough | G27: 1 | H27: =IF(E27>G27,D27,IF(G27>E27,F27,"")) | I27: =IF(H27="",D27,"") -> Nottingham Forest | J27: =IF(H27="",F27,"") -> Middlesbrough
A28: 949454 | B28: 35301 | C28: Round | D28: Aston Villa | E28: 2 | F28: Derby | G28: 0 | H28: =IF(E28>G28,D28,IF(G28>E28,F28,"")) -> Aston Villa | I28: =IF(H28="",D28,"") | J28: =IF(H28="",F28,"")
A29: 949491 | B29: 35301 | C29: Round | D29: Chelsea | E29: 2 | F29: Coventry | G29: 0 | H29: =IF(E29>G29,D29,IF(G29>E29,F29,"")) -> Chelsea | I29: =IF(H29="",D29,"") | J29: =IF(H29="",F29,"")
A30: 949623 | B30: 35302 | C30: Round | D30: Manchester United | E30: 2 | F30: Blackburn | G30: 2 | H30: =IF(E30>G30,D30,IF(G30>E30,F30,"")) | I30: =IF(H30="",D30,"") -> Manchester United | J30: =IF(H30="",F30,"") -> Blackburn
A31: 949582 | B31: 35303 | C31: Round | D31: Leeds | E31: 1 | F31: Wimbledon FC | G31: 0 | H31: =IF(E31>G31,D31,IF(G31>E31,F31,"")) -> Leeds | I31: =IF(H31="",D31,"") | J31: =IF(H31="",F31,"")
A32: 949705 | B32: 35310 | C32: Round | D32: Sheffield Weds | E32: 2 | F32: Leicester | G32: 1 | H32: =IF(E32>G32,D32,IF(G32>E32,F32,"")) -> Sheffield Weds | I32: =IF(H32="",D32,"") | J32: =IF(H32="",F32,"")
A33: 949515 | B33: 35312 | C33: Round | D33: Coventry | E33: 0 | F33: Liverpool | G33: 1 | H33: =IF(E33>G33,D33,IF(G33>E33,F33,"")) -> Liverpool | I33: =IF(H33="",D33,"") | J33: =IF(H33="",F33,"")
... A381: 949758 | B381: 35561 | C381: Round | D381: Tottenham | E381: 1 | F381: Coventry | G381: 2 | H381: =IF(E381>G381,D381,IF(G381>E381,F381,"")) -> Coventry | I381: =IF(H381="",D381,"") | J381: =IF(H381="",F381,"")

Sheet 1997-1998
A1: ID | B1: Date | C1: Round | D1: Home | F1: Away | H1: Winner | I1: Draw-1 | J1: Draw-2 | M1: Team | N1: Wins | O1: Draws | P1: Losses | Q1: Games Played | R1: Goals For | S1: Goals Against | T1: Goal Difference | U1: Points | V1: Position
A2: 950021 | B2: 35651 | C2: Round | D2: Leicester | E2: 1 | F2: Aston Villa | G2: 0 | H2: =IF(E2>G2,D2,IF(G2>E2,F2,"")) -> Leicester | I2: =IF(H2="",D2,"") | J2: =IF(H2="",F2,"") | M2: Arsenal | N2: =COUNTIF($H$2:$H$381,M2) -> 23 | O2: =COUNTIF($J$2:$J$381,M2)+COUNTIF($I$2:$I$381,M2) -> 9 | P2: =(COUNTIF($F$2:$F$381,M2)+COUNTIF($D$2:$D$381,M2))-SUM(N2:O2) -> 6 | Q2: =SUM(N2:P2) -> 38 | R2: =SUMIF(D:D,M2,E:E)+SUMIF(F:F,M2,G:G) -> 68 | S2: =SUMIF(D:D,M2,G:G)+SUMIF(F:F,M2,E:E) -> 33 | T2: =R2-S2 -> 35 | U2: =(N2*3)+O2 -> 78 | V2: 1
A3: 950091 | B3: 35651 | C3: Round | D3: Newcastle | E3: 2 | F3: Sheffield Weds | G3: 1 | H3: =IF(E3>G3,D3,IF(G3>E3,F3,"")) -> Newcastle | I3: =IF(H3="",D3,"") | J3: =IF(H3="",F3,"") | M3: Manchester United | N3: =COUNTIF($H$2:$H$381,M3) -> 23 | O3: =COUNTIF($J$2:$J$381,M3)+COUNTIF($I$2:$I$381,M3) -> 8 | P3: =(COUNTIF($F$2:$F$381,M3)+COUNTIF($D$2:$D$381,M3))-SUM(N3:O3) -> 7 | Q3: =SUM(N3:P3) -> 38 | R3: =SUMIF(D:D,M3,E:E)+SUMIF(F:F,M3,G:G) -> 73 | S3: =SUMIF(D:D,M3,G:G)+SUMIF(F:F,M3,E:E) -> 26 | T3: =R3-S3 -> 47 | U3: =(N3*3)+O3 -> 77 | V3: 2
A4: 950119 | B4: 35651 | C4: Round | D4: Southampton | E4: 0 | F4: Bolton | G4: 1 | H4: =IF(E4>G4,D4,IF(G4>E4,F4,"")) -> Bolton | I4: =IF(H4="",D4,"") | J4: =IF(H4="",F4,"") | M4: Liverpool | N4: =COUNTIF($H$2:$H$381,M4) -> 18 | O4: =COUNTIF($J$2:$J$381,M4)+COUNTIF($I$2:$I$381,M4) -> 11 | P4: =(COUNTIF($F$2:$F$381,M4)+COUNTIF($D$2:$D$381,M4))-SUM(N4:O4) -> 9 | Q4: =SUM(N4:P4) -> 38 | R4: =SUMIF(D:D,M4,E:E)+SUMIF(F:F,M4,G:G) -> 68 | S4: =SUMIF(D:D,M4,G:G)+SUMIF(F:F,M4,E:E) -> 42 | T4: =R4-S4 -> 26 | U4: =(N4*3)+O4 -> 65 | V4: 3
A5: 949866 | B5: 35651 | C5: Round | D5: Barnsley | E5: 1 | F5: West Ham | G5: 2 | H5: =IF(E5>G5,D5,IF(G5>E5,F5,"")) -> West Ham | I5: =IF(H5="",D5,"") | J5: =IF(H5="",F5,"") | M5: Chelsea | N5: =COUNTIF($H$2:$H$381,M5) -> 20 | O5: =COUNTIF($J$2:$J$381,M5)+COUNTIF($I$2:$I$381,M5) -> 3 | P5: =(COUNTIF($F$2:$F$381,M5)+COUNTIF($D$2:$D$381,M5))-SUM(N5:O5) -> 15 | Q5: =SUM(N5:P5) -> 38 | R5: =SUMIF(D:D,M5,E:E)+SUMIF(F:F,M5,G:G) -> 71 | S5: =SUMIF(D:D,M5,G:G)+SUMIF(F:F,M5,E:E) -> 43 | T5: =R5-S5 -> 28 | U5: =(N5*3)+O5 -> 63 | V5: 4
A6: 949875 | B6: 35651 | C6: Round | D6: Blackburn | E6: 1 | F6: Derby | G6: 0 | H6: =IF(E6>G6,D6,IF(G6>E6,F6,"")) -> Blackburn | I6: =IF(H6="",D6,"") | J6: =IF(H6="",F6,"") | M6: Leeds | N6: =COUNTIF($H$2:$H$381,M6) -> 17 | O6: =COUNTIF($J$2:$J$381,M6)+COUNTIF($I$2:$I$381,M6) -> 8 | P6: =(COUNTIF($F$2:$F$381,M6)+COUNTIF($D$2:$D$381,M6))-SUM(N6:O6) -> 13 | Q6: =SUM(N6:P6) -> 38 | R6: =SUMIF(D:D,M6,E:E)+SUMIF(F:F,M6,G:G) -> 57 | S6: =SUMIF(D:D,M6,G:G)+SUMIF(F:F,M6,E:E) -> 46 | T6: =R6-S6 -> 11 | U6: =(N6*3)+O6 -> 59 | V6: 5
A7: 950184 | B7: 35651 | C7: Round | D7: Wimbledon FC | E7: 1 | F7: Liverpool | G7: 1 | H7: =IF(E7>G7,D7,IF(G7>E7,F7,"")) | I7: =IF(H7="",D7,"") -> Wimbledon FC | J7: =IF(H7="",F7,"") -> Liverpool | M7: Blackburn | N7: =COUNTIF($H$2:$H$381,M7) -> 16 | O7: =COUNTIF($J$2:$J$381,M7)+COUNTIF($I$2:$I$381,M7) -> 10 | P7: =(COUNTIF($F$2:$F$381,M7)+COUNTIF($D$2:$D$381,M7))-SUM(N7:O7) -> 12 | Q7: =SUM(N7:P7) -> 38 | R7: =SUMIF(D:D,M7,E:E)+SUMIF(F:F,M7,G:G) -> 57 | S7: =SUMIF(D:D,M7,G:G)+SUMIF(F:F,M7,E:E) -> 52 | T7: =R7-S7 -> 5 | U7: =(N7*3)+O7 -> 58 | V7: 6
A8: 949930 | B8: 35651 | C8: Round | D8: Coventry | E8: 3 | F8: Chelsea | G8: 2 | H8: =IF(E8>G8,D8,IF(G8>E8,F8,"")) -> Coventry | I8: =IF(H8="",D8,"") | J8: =IF(H8="",F8,"") | M8: Aston Villa | N8: =COUNTIF($H$2:$H$381,M8) -> 17 | O8: =COUNTIF($J$2:$J$381,M8)+COUNTIF($I$2:$I$381,M8) -> 6 | P8: =(COUNTIF($F$2:$F$381,M8)+COUNTIF($D$2:$D$381,M8))-SUM(N8:O8) -> 15 | Q8: =SUM(N8:P8) -> 38 | R8: =SUMIF(D:D,M8,E:E)+SUMIF(F:F,M8,G:G) -> 49 | S8: =SUMIF(D:D,M8,G:G)+SUMIF(F:F,M8,E:E) -> 48 | T8: =R8-S8 -> 1 | U8: =(N8*3)+O8 -> 57 | V8: 7
A9: 949989 | B9: 35651 | C9: Round | D9: Everton | E9: 1 | F9: Crystal Palace | G9: 2 | H9: =IF(E9>G9,D9,IF(G9>E9,F9,"")) -> Crystal Palace | I9: =IF(H9="",D9,"") | J9: =IF(H9="",F9,"") | M9: West Ham | N9: =COUNTIF($H$2:$H$381,M9) -> 16 | O9: =COUNTIF($J$2:$J$381,M9)+COUNTIF($I$2:$I$381,M9) -> 8 | P9: =(COUNTIF($F$2:$F$381,M9)+COUNTIF($D$2:$D$381,M9))-SUM(N9:O9) -> 14 | Q9: =SUM(N9:P9) -> 38 | R9: =SUMIF(D:D,M9,E:E)+SUMIF(F:F,M9,G:G) -> 56 | S9: =SUMIF(D:D,M9,G:G)+SUMIF(F:F,M9,E:E) -> 57 | T9: =R9-S9 -> -1 | U9: =(N9*3)+O9 -> 56 | V9: 8
A10: 950001 | B10: 35651 | C10: Round | D10: Leeds | E10: 1 | F10: Arsenal | G10: 1 | H10: =IF(E10>G10,D10,IF(G10>E10,F10,"")) | I10: =IF(H10="",D10,"") -> Leeds | J10: =IF(H10="",F10,"") -> Arsenal | M10: Derby | N10: =COUNTIF($H$2:$H$381,M10) -> 16 | O10: =COUNTIF($J$2:$J$381,M10)+COUNTIF($I$2:$I$381,M10) -> 7 | P10: =(COUNTIF($F$2:$F$381,M10)+COUNTIF($D$2:$D$381,M10))-SUM(N10:O10) -> 15 | Q10: =SUM(N10:P10) -> 38 | R10: =SUMIF(D:D,M10,E:E)+SUMIF(F:F,M10,G:G) -> 52 | S10: =SUMIF(D:D,M10,G:G)+SUMIF(F:F,M10,E:E) -> 49 | T10: =R10-S10 -> 3 | U10: =(N10*3)+O10 -> 55 | V10: 9
A11: 950147 | B11: 35652 | C11: Round | D11: Tottenham | E11: 0 | F11: Manchester United | G11: 2 | H11: =IF(E11>G11,D11,IF(G11>E11,F11,"")) -> Manchester United | I11: =IF(H11="",D11,"") | J11: =IF(H11="",F11,"") | M11: Leicester | N11: =COUNTIF($H$2:$H$381,M11) -> 13 | O11: =COUNTIF($J$2:$J$381,M11)+COUNTIF($I$2:$I$381,M11) -> 14 | P11: =(COUNTIF($F$2:$F$381,M11)+COUNTIF($D$2:$D$381,M11))-SUM(N11:O11) -> 11 | Q11: =SUM(N11:P11) -> 38 | R11: =SUMIF(D:D,M11,E:E)+SUMIF(F:F,M11,G:G) -> 51 | S11: =SUMIF(D:D,M11,G:G)+SUMIF(F:F,M11,E:E) -> 41 | T11: =R11-S11 -> 10 | U11: =(N11*3)+O11 -> 53 | V11: 10
A12: 949816 | B12: 35653 | C12: Round | D12: Arsenal | E12: 2 | F12: Coventry | G12: 0 | H12: =IF(E12>G12,D12,IF(G12>E12,F12,"")) -> Arsenal | I12: =IF(H12="",D12,"") | J12: =IF(H12="",F12,"") | M12: Coventry | N12: =COUNTIF($H$2:$H$381,M12) -> 12 | O12: =COUNTIF($J$2:$J$381,M12)+COUNTIF($I$2:$I$381,M12) -> 16 | P12: =(COUNTIF($F$2:$F$381,M12)+COUNTIF($D$2:$D$381,M12))-SUM(N12:O12) -> 10 | Q12: =SUM(N12:P12) -> 38 | R12: =SUMIF(D:D,M12,E:E)+SUMIF(F:F,M12,G:G) -> 46 | S12: =SUMIF(D:D,M12,G:G)+SUMIF(F:F,M12,E:E) -> 44 | T12: =R12-S12 -> 2 | U12: =(N12*3)+O12 -> 52 | V12: 11
A13: 949946 | B13: 35654 | C13: Round | D13: Crystal Palace | E13: 0 | F13: Barnsley | G13: 1 | H13: =IF(E13>G13,D13,IF(G13>E13,F13,"")) -> Barnsley | I13: =IF(H13="",D13,"") | J13: =IF(H13="",F13,"") | M13: Southampton | N13: =COUNTIF($H$2:$H$381,M13) -> 14 | O13: =COUNTIF($J$2:$J$381,M13)+COUNTIF($I$2:$I$381,M13) -> 6 | P13: =(COUNTIF($F$2:$F$381,M13)+COUNTIF($D$2:$D$381,M13))-SUM(N13:O13) -> 18 | Q13: =SUM(N13:P13) -> 38 | R13: =SUMIF(D:D,M13,E:E)+SUMIF(F:F,M13,G:G) -> 50 | S13: =SUMIF(D:D,M13,G:G)+SUMIF(F:F,M13,E:E) -> 55 | T13: =R13-S13 -> -5 | U13: =(N13*3)+O13 -> 48 | V13: 12
... A21: 950115 | B21: 35665 | C21: Round | D21: Southampton | E21: 1 | F21: Arsenal | G21: 3 | H21: =IF(E21>G21,D21,IF(G21>E21,F21,"")) -> Arsenal | I21: =IF(H21="",D21,"") | J21: =IF(H21="",F21,"") | M21: Crystal Palace | N21: =COUNTIF($H$2:$H$381,M21) -> 8 | O21: =COUNTIF($J$2:$J$381,M21)+COUNTIF($I$2:$I$381,M21) -> 9 | P21: =(COUNTIF($F$2:$F$381,M21)+COUNTIF($D$2:$D$381,M21))-SUM(N21:O21) -> 21 | Q21: =SUM(N21:P21) -> 38 | R21: =SUMIF(D:D,M21,E:E)+SUMIF(F:F,M21,G:G) -> 37 | S21: =SUMIF(D:D,M21,G:G)+SUMIF(F:F,M21,E:E) -> 71 | T21: =R21-S21 -> -34 | U21: =(N21*3)+O21 -> 33 | V21: 20
A22: 949879 | B22: 35665 | C22: Round | D22: Blackburn | E22: 1 | F22: Liverpool | G22: 1 | H22: =IF(E22>G22,D22,IF(G22>E22,F22,"")) | I22: =IF(H22="",D22,"") -> Blackburn | J22: =IF(H22="",F22,"") -> Liverpool
A23: 950142 | B23: 35665 | C23: Round | D23: Tottenham | E23: 1 | F23: Derby | G23: 0 | H23: =IF(E23>G23,D23,IF(G23>E23,F23,"")) -> Tottenham | I23: =IF(H23="",D23,"") | J23: =IF(H23="",F23,"")
A24: 949929 | B24: 35665 | C24: Round | D24: Coventry | E24: 2 | F24: Bolton | G24: 2 | H24: =IF(E24>G24,D24,IF(G24>E24,F24,"")) | I24: =IF(H24="",D24,"") -> Coventry | J24: =IF(H24="",F24,"") -> Bolton
A25: 950187 | B25: 35665 | C25: Round | D25: Wimbledon FC | E25: 1 | F25: Sheffield Weds | G25: 1 | H25: =IF(E25>G25,D25,IF(G25>E25,F25,"")) | I25: =IF(H25="",D25,"") -> Wimbledon FC | J25: =IF(H25="",F25,"") -> Sheffield Weds
A26: 949999 | B26: 35665 | C26: Round | D26: Everton | E26: 2 | F26: West Ham | G26: 1 | H26: =IF(E26>G26,D26,IF(G26>E26,F26,"")) -> Everton | I26: =IF(H26="",D26,"") | J26: =IF(H26="",F26,"")
A27: 950008 | B27: 35665 | C27: Round | D27: Leeds | E27: 0 | F27: Crystal Palace | G27: 2 | H27: =IF(E27>G27,D27,IF(G27>E27,F27,"")) -> Crystal Palace | I27: =IF(H27="",D27,"") | J27: =IF(H27="",F27,"")
A28: 949853 | B28: 35666 | C28: Round | D28: Barnsley | E28: 0 | F28: Chelsea | G28: 6 | H28: =IF(E28>G28,D28,IF(G28>E28,F28,"")) -> Chelsea | I28: =IF(H28="",D28,"") | J28: =IF(H28="",F28,"")
A29: 949882 | B29: 35667 | C29: Round | D29: Blackburn | E29: 7 | F29: Sheffield Weds | G29: 2 | H29: =IF(E29>G29,D29,IF(G29>E29,F29,"")) -> Blackburn | I29: =IF(H29="",D29,"") | J29: =IF(H29="",F29,"")
A30: 950012 | B30: 35668 | C30: Round | D30: Leeds | E30: 0 | F30: Liverpool | G30: 2 | H30: =IF(E30>G30,D30,IF(G30>E30,F30,"")) -> Liverpool | I30: =IF(H30="",D30,"") | J30: =IF(H30="",F30,"")
A31: 950020 | B31: 35669 | C31: Round | D31: Leicester | E31: 3 | F31: Arsenal | G31: 3 | H31: =IF(E31>G31,D31,IF(G31>E31,F31,"")) | I31: =IF(H31="",D31,"") -> Leicester | J31: =IF(H31="",F31,"") -> Arsenal
A32: 949852 | B32: 35669 | C32: Round | D32: Barnsley | E32: 2 | F32: Bolton | G32: 1 | H32: =IF(E32>G32,D32,IF(G32>E32,F32,"")) -> Barnsley | I32: =IF(H32="",D32,"") | J32: =IF(H32="",F32,"")
A33: 950122 | B33: 35669 | C33: Round | D33: Southampton | E33: 1 | F33: Crystal Palace | G33: 0 | H33: =IF(E33>G33,D33,IF(G33>E33,F33,"")) -> Southampton | I33: =IF(H33="",D33,"") | J33: =IF(H33="",F33,"")
... A381: 949988 | B381: 35925 | C381: Round | D381: Everton | E381: 1 | F381: Coventry | G381: 1 | H381: =IF(E381>G381,D381,IF(G381>E381,F381,"")) | I381: =IF(H381="",D381,"") -> Everton | J381: =IF(H381="",F381,"") -> Coventry

Sheet 1998-1999
A1: ID | B1: Date | C1: Round | D1: Home | F1: Away | H1: Winner | I1: Draw-1 | J1: Draw-2 | M1: Team | N1: Wins | O1: Draws | P1: Losses | Q1: Games Played | R1: Goals For | S1: Goals Against | T1: Goal Difference | U1: Points | V1: Position
A2: 950290 | B2: 36022 | C2: Round | D2: Coventry | E2: 2 | F2: Chelsea | G2: 1 | H2: =IF(E2>G2,D2,IF(G2>E2,F2,"")) -> Coventry | I2: =IF(H2="",D2,"") | J2: =IF(H2="",F2,"") | M2: Manchester United | N2: =COUNTIF($H$2:$H$381,M2) -> 22 | O2: =COUNTIF($J$2:$J$381,M2)+COUNTIF($I$2:$I$381,M2) -> 13 | P2: =(COUNTIF($F$2:$F$381,M2)+COUNTIF($D$2:$D$381,M2))-SUM(N2:O2) -> 3 | Q2: =SUM(N2:P2) -> 38 | R2: =SUMIF(D:D,M2,E:E)+SUMIF(F:F,M2,G:G) -> 80 | S2: =SUMIF(D:D,M2,G:G)+SUMIF(F:F,M2,E:E) -> 37 | T2: =R2-S2 -> 43 | U2: =(N2*3)+O2 -> 79 | V2: 1
A3: 950569 | B3: 36022 | C3: Round | D3: Wimbledon FC | E3: 3 | F3: Tottenham | G3: 1 | H3: =IF(E3>G3,D3,IF(G3>E3,F3,"")) -> Wimbledon FC | I3: =IF(H3="",D3,"") | J3: =IF(H3="",F3,"") | M3: Arsenal | N3: =COUNTIF($H$2:$H$381,M3) -> 22 | O3: =COUNTIF($J$2:$J$381,M3)+COUNTIF($I$2:$I$381,M3) -> 12 | P3: =(COUNTIF($F$2:$F$381,M3)+COUNTIF($D$2:$D$381,M3))-SUM(N3:O3) -> 4 | Q3: =SUM(N3:P3) -> 38 | R3: =SUMIF(D:D,M3,E:E)+SUMIF(F:F,M3,G:G) -> 59 | S3: =SUMIF(D:D,M3,G:G)+SUMIF(F:F,M3,E:E) -> 17 | T3: =R3-S3 -> 42 | U3: =(N3*3)+O3 -> 78 | V3: 2
A4: 950325 | B4: 36022 | C4: Round | D4: Everton | E4: 0 | F4: Aston Villa | G4: 0 | H4: =IF(E4>G4,D4,IF(G4>E4,F4,"")) | I4: =IF(H4="",D4,"") -> Everton | J4: =IF(H4="",F4,"") -> Aston Villa | M4: Chelsea | N4: =COUNTIF($H$2:$H$381,M4) -> 20 | O4: =COUNTIF($J$2:$J$381,M4)+COUNTIF($I$2:$I$381,M4) -> 15 | P4: =(COUNTIF($F$2:$F$381,M4)+COUNTIF($D$2:$D$381,M4))-SUM(N4:O4) -> 3 | Q4: =SUM(N4:P4) -> 38 | R4: =SUMIF(D:D,M4,E:E)+SUMIF(F:F,M4,G:G) -> 57 | S4: =SUMIF(D:D,M4,G:G)+SUMIF(F:F,M4,E:E) -> 30 | T4: =R4-S4 -> 27 | U4: =(N4*3)+O4 -> 75 | V4: 3
A5: 950409 | B5: 36022 | C5: Round | D5: Manchester United | E5: 2 | F5: Leicester | G5: 2 | H5: =IF(E5>G5,D5,IF(G5>E5,F5,"")) | I5: =IF(H5="",D5,"") -> Manchester United | J5: =IF(H5="",F5,"") -> Leicester | M5: Leeds | N5: =COUNTIF($H$2:$H$381,M5) -> 18 | O5: =COUNTIF($J$2:$J$381,M5)+COUNTIF($I$2:$I$381,M5) -> 13 | P5: =(COUNTIF($F$2:$F$381,M5)+COUNTIF($D$2:$D$381,M5))-SUM(N5:O5) -> 7 | Q5: =SUM(N5:P5) -> 38 | R5: =SUMIF(D:D,M5,E:E)+SUMIF(F:F,M5,G:G) -> 62 | S5: =SUMIF(D:D,M5,G:G)+SUMIF(F:F,M5,E:E) -> 34 | T5: =R5-S5 -> 28 | U5: =(N5*3)+O5 -> 67 | V5: 4
A6: 950427 | B6: 36022 | C6: Round | D6: Middlesbrough | E6: 0 | F6: Leeds | G6: 0 | H6: =IF(E6>G6,D6,IF(G6>E6,F6,"")) | I6: =IF(H6="",D6,"") -> Middlesbrough | J6: =IF(H6="",F6,"") -> Leeds | M6: West Ham | N6: =COUNTIF($H$2:$H$381,M6) -> 16 | O6: =COUNTIF($J$2:$J$381,M6)+COUNTIF($I$2:$I$381,M6) -> 9 | P6: =(COUNTIF($F$2:$F$381,M6)+COUNTIF($D$2:$D$381,M6))-SUM(N6:O6) -> 13 | Q6: =SUM(N6:P6) -> 38 | R6: =SUMIF(D:D,M6,E:E)+SUMIF(F:F,M6,G:G) -> 46 | S6: =SUMIF(D:D,M6,G:G)+SUMIF(F:F,M6,E:E) -> 53 | T6: =R6-S6 -> -7 | U6: =(N6*3)+O6 -> 57 | V6: 5
A7: 950441 | B7: 36022 | C7: Round | D7: Newcastle | E7: 0 | F7: Charlton | G7: 0 | H7: =IF(E7>G7,D7,IF(G7>E7,F7,"")) | I7: =IF(H7="",D7,"") -> Newcastle | J7: =IF(H7="",F7,"") -> Charlton | M7: Aston Villa | N7: =COUNTIF($H$2:$H$381,M7) -> 15 | O7: =COUNTIF($J$2:$J$381,M7)+COUNTIF($I$2:$I$381,M7) -> 10 | P7: =(COUNTIF($F$2:$F$381,M7)+COUNTIF($D$2:$D$381,M7))-SUM(N7:O7) -> 13 | Q7: =SUM(N7:P7) -> 38 | R7: =SUMIF(D:D,M7,E:E)+SUMIF(F:F,M7,G:G) -> 51 | S7: =SUMIF(D:D,M7,G:G)+SUMIF(F:F,M7,E:E) -> 46 | T7: =R7-S7 -> 5 | U7: =(N7*3)+O7 -> 55 | V7: 6
A8: 950234 | B8: 36022 | C8: Round | D8: Blackburn | E8: 0 | F8: Derby | G8: 0 | H8: =IF(E8>G8,D8,IF(G8>E8,F8,"")) | I8: =IF(H8="",D8,"") -> Blackburn | J8: =IF(H8="",F8,"") -> Derby | M8: Liverpool | N8: =COUNTIF($H$2:$H$381,M8) -> 15 | O8: =COUNTIF($J$2:$J$381,M8)+COUNTIF($I$2:$I$381,M8) -> 9 | P8: =(COUNTIF($F$2:$F$381,M8)+COUNTIF($D$2:$D$381,M8))-SUM(N8:O8) -> 14 | Q8: =SUM(N8:P8) -> 38 | R8: =SUMIF(D:D,M8,E:E)+SUMIF(F:F,M8,G:G) -> 68 | S8: =SUMIF(D:D,M8,G:G)+SUMIF(F:F,M8,E:E) -> 49 | T8: =R8-S8 -> 19 | U8: =(N8*3)+O8 -> 54 | V8: 7
A9: 950493 | B9: 36022 | C9: Round | D9: Sheffield Weds | E9: 0 | F9: West Ham | G9: 1 | H9: =IF(E9>G9,D9,IF(G9>E9,F9,"")) -> West Ham | I9: =IF(H9="",D9,"") | J9: =IF(H9="",F9,"") | M9: Derby | N9: =COUNTIF($H$2:$H$381,M9) -> 13 | O9: =COUNTIF($J$2:$J$381,M9)+COUNTIF($I$2:$I$381,M9) -> 13 | P9: =(COUNTIF($F$2:$F$381,M9)+COUNTIF($D$2:$D$381,M9))-SUM(N9:O9) -> 12 | Q9: =SUM(N9:P9) -> 38 | R9: =SUMIF(D:D,M9,E:E)+SUMIF(F:F,M9,G:G) -> 40 | S9: =SUMIF(D:D,M9,G:G)+SUMIF(F:F,M9,E:E) -> 45 | T9: =R9-S9 -> -5 | U9: =(N9*3)+O9 -> 52 | V9: 8
A10: 950505 | B10: 36023 | C10: Round | D10: Southampton | E10: 1 | F10: Liverpool | G10: 2 | H10: =IF(E10>G10,D10,IF(G10>E10,F10,"")) -> Liverpool | I10: =IF(H10="",D10,"") | J10: =IF(H10="",F10,"") | M10: Middlesbrough | N10: =COUNTIF($H$2:$H$381,M10) -> 12 | O10: =COUNTIF($J$2:$J$381,M10)+COUNTIF($I$2:$I$381,M10) -> 15 | P10: =(COUNTIF($F$2:$F$381,M10)+COUNTIF($D$2:$D$381,M10))-SUM(N10:O10) -> 11 | Q10: =SUM(N10:P10) -> 38 | R10: =SUMIF(D:D,M10,E:E)+SUMIF(F:F,M10,G:G) -> 48 | S10: =SUMIF(D:D,M10,G:G)+SUMIF(F:F,M10,E:E) -> 54 | T10: =R10-S10 -> -6 | U10: =(N10*3)+O10 -> 51 | V10: 9
A11: 950204 | B11: 36024 | C11: Round | D11: Arsenal | E11: 2 | F11: Nottingham Forest | G11: 1 | H11: =IF(E11>G11,D11,IF(G11>E11,F11,"")) -> Arsenal | I11: =IF(H11="",D11,"") | J11: =IF(H11="",F11,"") | M11: Leicester | N11: =COUNTIF($H$2:$H$381,M11) -> 12 | O11: =COUNTIF($J$2:$J$381,M11)+COUNTIF($I$2:$I$381,M11) -> 13 | P11: =(COUNTIF($F$2:$F$381,M11)+COUNTIF($D$2:$D$381,M11))-SUM(N11:O11) -> 13 | Q11: =SUM(N11:P11) -> 38 | R11: =SUMIF(D:D,M11,E:E)+SUMIF(F:F,M11,G:G) -> 40 | S11: =SUMIF(D:D,M11,G:G)+SUMIF(F:F,M11,E:E) -> 46 | T11: =R11-S11 -> -6 | U11: =(N11*3)+O11 -> 49 | V11: 10
A12: 950529 | B12: 36029 | C12: Round | D12: Tottenham | E12: 0 | F12: Sheffield Weds | G12: 3 | H12: =IF(E12>G12,D12,IF(G12>E12,F12,"")) -> Sheffield Weds | I12: =IF(H12="",D12,"") | J12: =IF(H12="",F12,"") | M12: Tottenham | N12: =COUNTIF($H$2:$H$381,M12) -> 11 | O12: =COUNTIF($J$2:$J$381,M12)+COUNTIF($I$2:$I$381,M12) -> 14 | P12: =(COUNTIF($F$2:$F$381,M12)+COUNTIF($D$2:$D$381,M12))-SUM(N12:O12) -> 13 | Q12: =SUM(N12:P12) -> 38 | R12: =SUMIF(D:D,M12,E:E)+SUMIF(F:F,M12,G:G) -> 47 | S12: =SUMIF(D:D,M12,G:G)+SUMIF(F:F,M12,E:E) -> 50 | T12: =R12-S12 -> -3 | U12: =(N12*3)+O12 -> 47 | V12: 11
A13: 950279 | B13: 36029 | C13: Round | D13: Chelsea | E13: 1 | F13: Newcastle | G13: 1 | H13: =IF(E13>G13,D13,IF(G13>E13,F13,"")) | I13: =IF(H13="",D13,"") -> Chelsea | J13: =IF(H13="",F13,"") -> Newcastle | M13: Sheffield Weds | N13: =COUNTIF($H$2:$H$381,M13) -> 13 | O13: =COUNTIF($J$2:$J$381,M13)+COUNTIF($I$2:$I$381,M13) -> 7 | P13: =(COUNTIF($F$2:$F$381,M13)+COUNTIF($D$2:$D$381,M13))-SUM(N13:O13) -> 18 | Q13: =SUM(N13:P13) -> 38 | R13: =SUMIF(D:D,M13,E:E)+SUMIF(F:F,M13,G:G) -> 41 | S13: =SUMIF(D:D,M13,G:G)+SUMIF(F:F,M13,E:E) -> 42 | T13: =R13-S13 -> -1 | U13: =(N13*3)+O13 -> 46 | V13: 12
... A21: 950345 | B21: 36031 | C21: Round | D21: Leeds | E21: 1 | F21: Blackburn | G21: 0 | H21: =IF(E21>G21,D21,IF(G21>E21,F21,"")) -> Leeds | I21: =IF(H21="",D21,"") | J21: =IF(H21="",F21,"") | M21: Nottingham Forest | N21: =COUNTIF($H$2:$H$381,M21) -> 7 | O21: =COUNTIF($J$2:$J$381,M21)+COUNTIF($I$2:$I$381,M21) -> 9 | P21: =(COUNTIF($F$2:$F$381,M21)+COUNTIF($D$2:$D$381,M21))-SUM(N21:O21) -> 22 | Q21: =SUM(N21:P21) -> 38 | R21: =SUMIF(D:D,M21,E:E)+SUMIF(F:F,M21,G:G) -> 35 | S21: =SUMIF(D:D,M21,G:G)+SUMIF(F:F,M21,E:E) -> 69 | T21: =R21-S21 -> -34 | U21: =(N21*3)+O21 -> 30 | V21: 20
A22: 950303 | B22: 36036 | C22: Round | D22: Coventry | E22: 0 | F22: West Ham | G22: 0 | H22: =IF(E22>G22,D22,IF(G22>E22,F22,"")) | I22: =IF(H22="",D22,"") -> Coventry | J22: =IF(H22="",F22,"") -> West Ham
A23: 950560 | B23: 36036 | C23: Round | D23: Wimbledon FC | E23: 1 | F23: Leeds | G23: 1 | H23: =IF(E23>G23,D23,IF(G23>E23,F23,"")) | I23: =IF(H23="",D23,"") -> Wimbledon FC | J23: =IF(H23="",F23,"") -> Leeds
A24: 950340 | B24: 36036 | C24: Round | D24: Everton | E24: 0 | F24: Tottenham | G24: 1 | H24: =IF(E24>G24,D24,IF(G24>E24,F24,"")) -> Tottenham | I24: =IF(H24="",D24,"") | J24: =IF(H24="",F24,"")
A25: 950425 | B25: 36036 | C25: Round | D25: Middlesbrough | E25: 1 | F25: Derby | G25: 1 | H25: =IF(E25>G25,D25,IF(G25>E25,F25,"")) | I25: =IF(H25="",D25,"") -> Middlesbrough | J25: =IF(H25="",F25,"") -> Derby
A26: 950193 | B26: 36036 | C26: Round | D26: Arsenal | E26: 0 | F26: Charlton | G26: 0 | H26: =IF(E26>G26,D26,IF(G26>E26,F26,"")) | I26: =IF(H26="",D26,"") -> Arsenal | J26: =IF(H26="",F26,"") -> Charlton
A27: 950477 | B27: 36036 | C27: Round | D27: Sheffield Weds | E27: 0 | F27: Aston Villa | G27: 1 | H27: =IF(E27>G27,D27,IF(G27>E27,F27,"")) -> Aston Villa | I27: =IF(H27="",D27,"") | J27: =IF(H27="",F27,"")
A28: 950237 | B28: 36036 | C28: Round | D28: Blackburn | E28: 1 | F28: Leicester | G28: 0 | H28: =IF(E28>G28,D28,IF(G28>E28,F28,"")) -> Blackburn | I28: =IF(H28="",D28,"") | J28: =IF(H28="",F28,"")
A29: 950509 | B29: 36036 | C29: Round | D29: Southampton | E29: 1 | F29: Nottingham Forest | G29: 2 | H29: =IF(E29>G29,D29,IF(G29>E29,F29,"")) -> Nottingham Forest | I29: =IF(H29="",D29,"") | J29: =IF(H29="",F29,"")
A30: 950448 | B30: 36037 | C30: Round | D30: Newcastle | E30: 1 | F30: Liverpool | G30: 4 | H30: =IF(E30>G30,D30,IF(G30>E30,F30,"")) -> Liverpool | I30: =IF(H30="",D30,"") | J30: =IF(H30="",F30,"")
A31: 950358 | B31: 36046 | C31: Round | D31: Leeds | E31: 3 | F31: Southampton | G31: 0 | H31: =IF(E31>G31,D31,IF(G31>E31,F31,"")) -> Leeds | I31: =IF(H31="",D31,"") | J31: =IF(H31="",F31,"")
A32: 950464 | B32: 36046 | C32: Round | D32: Nottingham Forest | E32: 0 | F32: Everton | G32: 2 | H32: =IF(E32>G32,D32,IF(G32>E32,F32,"")) -> Everton | I32: =IF(H32="",D32,"") | J32: =IF(H32="",F32,"")
A33: 950551 | B33: 36047 | C33: Round | D33: West Ham | E33: 3 | F33: Wimbledon FC | G33: 4 | H33: =IF(E33>G33,D33,IF(G33>E33,F33,"")) -> Wimbledon FC | I33: =IF(H33="",D33,"") | J33: =IF(H33="",F33,"")
... A381: 950262 | B381: 36296 | C381: Round | D381: Charlton | E381: 0 | F381: Sheffield Weds | G381: 1 | H381: =IF(E381>G381,D381,IF(G381>E381,F381,"")) -> Sheffield Weds | I381: =IF(H381="",D381,"") | J381: =IF(H381="",F381,"")

Sheet 1999-2000
A1: ID | B1: Date | C1: Round | D1: Home | F1: Away | H1: Winner | I1: Draw-1 | J1: Draw-2 | M1: Team | N1: Wins | O1: Draws | P1: Losses | Q1: Games Played | R1: Goals For | S1: Goals Against | T1: Goal Difference | U1: Points | V1: Position
A2: 950800 | B2: 36379 | C2: Round | D2: Newcastle | E2: 0 | F2: Aston Villa | G2: 1 | H2: =IF(E2>G2,D2,IF(G2>E2,F2,"")) -> Aston Villa | I2: =IF(H2="",D2,"") | J2: =IF(H2="",F2,"") | M2: Manchester United | N2: =COUNTIF($H$2:$H$381,M2) -> 28 | O2: =COUNTIF($J$2:$J$381,M2)+COUNTIF($I$2:$I$381,M2) -> 7 | P2: =(COUNTIF($F$2:$F$381,M2)+COUNTIF($D$2:$D$381,M2))-SUM(N2:O2) -> 3 | Q2: =SUM(N2:P2) -> 38 | R2: =SUMIF(D:D,M2,E:E)+SUMIF(F:F,M2,G:G) -> 97 | S2: =SUMIF(D:D,M2,G:G)+SUMIF(F:F,M2,E:E) -> 45 | T2: =R2-S2 -> 52 | U2: =(N2*3)+O2 -> 91 | V2: 1
A3: 950827 | B3: 36379 | C3: Round | D3: Sheffield Weds | E3: 1 | F3: Liverpool | G3: 2 | H3: =IF(E3>G3,D3,IF(G3>E3,F3,"")) -> Liverpool | I3: =IF(H3="",D3,"") | J3: =IF(H3="",F3,"") | M3: Arsenal | N3: =COUNTIF($H$2:$H$381,M3) -> 22 | O3: =COUNTIF($J$2:$J$381,M3)+COUNTIF($I$2:$I$381,M3) -> 7 | P3: =(COUNTIF($F$2:$F$381,M3)+COUNTIF($D$2:$D$381,M3))-SUM(N3:O3) -> 9 | Q3: =SUM(N3:P3) -> 38 | R3: =SUMIF(D:D,M3,E:E)+SUMIF(F:F,M3,G:G) -> 73 | S3: =SUMIF(D:D,M3,G:G)+SUMIF(F:F,M3,E:E) -> 43 | T3: =R3-S3 -> 30 | U3: =(N3*3)+O3 -> 73 | V3: 2
A4: 950578 | B4: 36379 | C4: Round | D4: Arsenal | E4: 2 | F4: Leicester | G4: 1 | H4: =IF(E4>G4,D4,IF(G4>E4,F4,"")) -> Arsenal | I4: =IF(H4="",D4,"") | J4: =IF(H4="",F4,"") | M4: Leeds | N4: =COUNTIF($H$2:$H$381,M4) -> 21 | O4: =COUNTIF($J$2:$J$381,M4)+COUNTIF($I$2:$I$381,M4) -> 6 | P4: =(COUNTIF($F$2:$F$381,M4)+COUNTIF($D$2:$D$381,M4))-SUM(N4:O4) -> 11 | Q4: =SUM(N4:P4) -> 38 | R4: =SUMIF(D:D,M4,E:E)+SUMIF(F:F,M4,G:G) -> 58 | S4: =SUMIF(D:D,M4,G:G)+SUMIF(F:F,M4,E:E) -> 43 | T4: =R4-S4 -> 15 | U4: =(N4*3)+O4 -> 69 | V4: 3
A5: 950642 | B5: 36379 | C5: Round | D5: Chelsea | E5: 4 | F5: Sunderland | G5: 0 | H5: =IF(E5>G5,D5,IF(G5>E5,F5,"")) -> Chelsea | I5: =IF(H5="",D5,"") | J5: =IF(H5="",F5,"") | M5: Liverpool | N5: =COUNTIF($H$2:$H$381,M5) -> 19 | O5: =COUNTIF($J$2:$J$381,M5)+COUNTIF($I$2:$I$381,M5) -> 10 | P5: =(COUNTIF($F$2:$F$381,M5)+COUNTIF($D$2:$D$381,M5))-SUM(N5:O5) -> 9 | Q5: =SUM(N5:P5) -> 38 | R5: =SUMIF(D:D,M5,E:E)+SUMIF(F:F,M5,G:G) -> 51 | S5: =SUMIF(D:D,M5,G:G)+SUMIF(F:F,M5,E:E) -> 30 | T5: =R5-S5 -> 21 | U5: =(N5*3)+O5 -> 67 | V5: 4
A6: 950912 | B6: 36379 | C6: Round | D6: Watford | E6: 2 | F6: Wimbledon FC | G6: 3 | H6: =IF(E6>G6,D6,IF(G6>E6,F6,"")) -> Wimbledon FC | I6: =IF(H6="",D6,"") | J6: =IF(H6="",F6,"") | M6: Chelsea | N6: =COUNTIF($H$2:$H$381,M6) -> 18 | O6: =COUNTIF($J$2:$J$381,M6)+COUNTIF($I$2:$I$381,M6) -> 11 | P6: =(COUNTIF($F$2:$F$381,M6)+COUNTIF($D$2:$D$381,M6))-SUM(N6:O6) -> 9 | Q6: =SUM(N6:P6) -> 38 | R6: =SUMIF(D:D,M6,E:E)+SUMIF(F:F,M6,G:G) -> 53 | S6: =SUMIF(D:D,M6,G:G)+SUMIF(F:F,M6,E:E) -> 34 | T6: =R6-S6 -> 19 | U6: =(N6*3)+O6 -> 65 | V6: 5
A7: 950660 | B7: 36379 | C7: Round | D7: Coventry | E7: 0 | F7: Southampton | G7: 1 | H7: =IF(E7>G7,D7,IF(G7>E7,F7,"")) -> Southampton | I7: =IF(H7="",D7,"") | J7: =IF(H7="",F7,"") | M7: Aston Villa | N7: =COUNTIF($H$2:$H$381,M7) -> 15 | O7: =COUNTIF($J$2:$J$381,M7)+COUNTIF($I$2:$I$381,M7) -> 13 | P7: =(COUNTIF($F$2:$F$381,M7)+COUNTIF($D$2:$D$381,M7))-SUM(N7:O7) -> 10 | Q7: =SUM(N7:P7) -> 38 | R7: =SUMIF(D:D,M7,E:E)+SUMIF(F:F,M7,G:G) -> 46 | S7: =SUMIF(D:D,M7,G:G)+SUMIF(F:F,M7,E:E) -> 35 | T7: =R7-S7 -> 11 | U7: =(N7*3)+O7 -> 58 | V7: 6
A8: 950929 | B8: 36379 | C8: Round | D8: West Ham | E8: 1 | F8: Tottenham | G8: 0 | H8: =IF(E8>G8,D8,IF(G8>E8,F8,"")) -> West Ham | I8: =IF(H8="",D8,"") | J8: =IF(H8="",F8,"") | M8: Sunderland | N8: =COUNTIF($H$2:$H$381,M8) -> 16 | O8: =COUNTIF($J$2:$J$381,M8)+COUNTIF($I$2:$I$381,M8) -> 10 | P8: =(COUNTIF($F$2:$F$381,M8)+COUNTIF($D$2:$D$381,M8))-SUM(N8:O8) -> 12 | Q8: =SUM(N8:P8) -> 38 | R8: =SUMIF(D:D,M8,E:E)+SUMIF(F:F,M8,G:G) -> 57 | S8: =SUMIF(D:D,M8,G:G)+SUMIF(F:F,M8,E:E) -> 56 | T8: =R8-S8 -> 1 | U8: =(N8*3)+O8 -> 58 | V8: 7
A9: 950709 | B9: 36379 | C9: Round | D9: Leeds | E9: 0 | F9: Derby | G9: 0 | H9: =IF(E9>G9,D9,IF(G9>E9,F9,"")) | I9: =IF(H9="",D9,"") -> Leeds | J9: =IF(H9="",F9,"") -> Derby | M9: Leicester | N9: =COUNTIF($H$2:$H$381,M9) -> 16 | O9: =COUNTIF($J$2:$J$381,M9)+COUNTIF($I$2:$I$381,M9) -> 7 | P9: =(COUNTIF($F$2:$F$381,M9)+COUNTIF($D$2:$D$381,M9))-SUM(N9:O9) -> 15 | Q9: =SUM(N9:P9) -> 38 | R9: =SUMIF(D:D,M9,E:E)+SUMIF(F:F,M9,G:G) -> 55 | S9: =SUMIF(D:D,M9,G:G)+SUMIF(F:F,M9,E:E) -> 55 | T9: =R9-S9 -> 0 | U9: =(N9*3)+O9 -> 55 | V9: 8
A10: 950782 | B10: 36379 | C10: Round | D10: Middlesbrough | E10: 0 | F10: Bradford | G10: 1 | H10: =IF(E10>G10,D10,IF(G10>E10,F10,"")) -> Bradford | I10: =IF(H10="",D10,"") | J10: =IF(H10="",F10,"") | M10: West Ham | N10: =COUNTIF($H$2:$H$381,M10) -> 15 | O10: =COUNTIF($J$2:$J$381,M10)+COUNTIF($I$2:$I$381,M10) -> 10 | P10: =(COUNTIF($F$2:$F$381,M10)+COUNTIF($D$2:$D$381,M10))-SUM(N10:O10) -> 13 | Q10: =SUM(N10:P10) -> 38 | R10: =SUMIF(D:D,M10,E:E)+SUMIF(F:F,M10,G:G) -> 52 | S10: =SUMIF(D:D,M10,G:G)+SUMIF(F:F,M10,E:E) -> 53 | T10: =R10-S10 -> -1 | U10: =(N10*3)+O10 -> 55 | V10: 9
A11: 950694 | B11: 36380 | C11: Round | D11: Everton | E11: 1 | F11: Manchester United | G11: 1 | H11: =IF(E11>G11,D11,IF(G11>E11,F11,"")) | I11: =IF(H11="",D11,"") -> Everton | J11: =IF(H11="",F11,"") -> Manchester United | M11: Tottenham | N11: =COUNTIF($H$2:$H$381,M11) -> 15 | O11: =COUNTIF($J$2:$J$381,M11)+COUNTIF($I$2:$I$381,M11) -> 8 | P11: =(COUNTIF($F$2:$F$381,M11)+COUNTIF($D$2:$D$381,M11))-SUM(N11:O11) -> 15 | Q11: =SUM(N11:P11) -> 38 | R11: =SUMIF(D:D,M11,E:E)+SUMIF(F:F,M11,G:G) -> 57 | S11: =SUMIF(D:D,M11,G:G)+SUMIF(F:F,M11,E:E) -> 49 | T11: =R11-S11 -> 8 | U11: =(N11*3)+O11 -> 53 | V11: 10
A12: 950887 | B12: 36381 | C12: Round | D12: Tottenham | E12: 3 | F12: Newcastle | G12: 1 | H12: =IF(E12>G12,D12,IF(G12>E12,F12,"")) -> Tottenham | I12: =IF(H12="",D12,"") | J12: =IF(H12="",F12,"") | M12: Newcastle | N12: =COUNTIF($H$2:$H$381,M12) -> 14 | O12: =COUNTIF($J$2:$J$381,M12)+COUNTIF($I$2:$I$381,M12) -> 10 | P12: =(COUNTIF($F$2:$F$381,M12)+COUNTIF($D$2:$D$381,M12))-SUM(N12:O12) -> 14 | Q12: =SUM(N12:P12) -> 38 | R12: =SUMIF(D:D,M12,E:E)+SUMIF(F:F,M12,G:G) -> 63 | S12: =SUMIF(D:D,M12,G:G)+SUMIF(F:F,M12,E:E) -> 54 | T12: =R12-S12 -> 9 | U12: =(N12*3)+O12 -> 52 | V12: 11
A13: 950872 | B13: 36382 | C13: Round | D13: Sunderland | E13: 2 | F13: Watford | G13: 0 | H13: =IF(E13>G13,D13,IF(G13>E13,F13,"")) -> Sunderland | I13: =IF(H13="",D13,"") | J13: =IF(H13="",F13,"") | M13: Middlesbrough | N13: =COUNTIF($H$2:$H$381,M13) -> 14 | O13: =COUNTIF($J$2:$J$381,M13)+COUNTIF($I$2:$I$381,M13) -> 10 | P13: =(COUNTIF($F$2:$F$381,M13)+COUNTIF($D$2:$D$381,M13))-SUM(N13:O13) -> 14 | Q13: =SUM(N13:P13) -> 38 | R13: =SUMIF(D:D,M13,E:E)+SUMIF(F:F,M13,G:G) -> 46 | S13: =SUMIF(D:D,M13,G:G)+SUMIF(F:F,M13,E:E) -> 52 | T13: =R13-S13 -> -6 | U13: =(N13*3)+O13 -> 52 | V13: 12
... A21: 950621 | B21: 36386 | C21: Round | D21: Bradford | E21: 1 | F21: Sheffield Weds | G21: 1 | H21: =IF(E21>G21,D21,IF(G21>E21,F21,"")) | I21: =IF(H21="",D21,"") -> Bradford | J21: =IF(H21="",F21,"") -> Sheffield Weds | M21: Watford | N21: =COUNTIF($H$2:$H$381,M21) -> 6 | O21: =COUNTIF($J$2:$J$381,M21)+COUNTIF($I$2:$I$381,M21) -> 6 | P21: =(COUNTIF($F$2:$F$381,M21)+COUNTIF($D$2:$D$381,M21))-SUM(N21:O21) -> 26 | Q21: =SUM(N21:P21) -> 38 | R21: =SUMIF(D:D,M21,E:E)+SUMIF(F:F,M21,G:G) -> 35 | S21: =SUMIF(D:D,M21,G:G)+SUMIF(F:F,M21,E:E) -> 77 | T21: =R21-S21 -> -42 | U21: =(N21*3)+O21 -> 24 | V21: 20
A22: 950881 | B22: 36386 | C22: Round | D22: Tottenham | E22: 3 | F22: Everton | G22: 2 | H22: =IF(E22>G22,D22,IF(G22>E22,F22,"")) -> Tottenham | I22: =IF(H22="",D22,"") | J22: =IF(H22="",F22,"")
A23: 950676 | B23: 36386 | C23: Round | D23: Derby | E23: 1 | F23: Middlesbrough | G23: 3 | H23: =IF(E23>G23,D23,IF(G23>E23,F23,"")) -> Middlesbrough | I23: =IF(H23="",D23,"") | J23: =IF(H23="",F23,"")
A24: 950936 | B24: 36386 | C24: Round | D24: Wimbledon FC | E24: 1 | F24: Coventry | G24: 1 | H24: =IF(E24>G24,D24,IF(G24>E24,F24,"")) | I24: =IF(H24="",D24,"") -> Wimbledon FC | J24: =IF(H24="",F24,"") -> Coventry
A25: 950726 | B25: 36386 | C25: Round | D25: Leicester | E25: 2 | F25: Chelsea | G25: 2 | H25: =IF(E25>G25,D25,IF(G25>E25,F25,"")) | I25: =IF(H25="",D25,"") -> Leicester | J25: =IF(H25="",F25,"") -> Chelsea
A26: 950758 | B26: 36386 | C26: Round | D26: Liverpool | E26: 0 | F26: Watford | G26: 1 | H26: =IF(E26>G26,D26,IF(G26>E26,F26,"")) -> Watford | I26: =IF(H26="",D26,"") | J26: =IF(H26="",F26,"")
A27: 950768 | B27: 36386 | C27: Round | D27: Manchester United | E27: 2 | F27: Leeds | G27: 0 | H27: =IF(E27>G27,D27,IF(G27>E27,F27,"")) -> Manchester United | I27: =IF(H27="",D27,"") | J27: =IF(H27="",F27,"")
A28: 950849 | B28: 36387 | C28: Round | D28: Southampton | E28: 4 | F28: Newcastle | G28: 2 | H28: =IF(E28>G28,D28,IF(G28>E28,F28,"")) -> Southampton | I28: =IF(H28="",D28,"") | J28: =IF(H28="",F28,"")
A29: 950607 | B29: 36388 | C29: Round | D29: Aston Villa | E29: 2 | F29: West Ham | G29: 2 | H29: =IF(E29>G29,D29,IF(G29>E29,F29,"")) | I29: =IF(H29="",D29,"") -> Aston Villa | J29: =IF(H29="",F29,"") -> West Ham
A30: 950789 | B30: 36393 | C30: Round | D30: Middlesbrough | E30: 1 | F30: Liverpool | G30: 0 | H30: =IF(E30>G30,D30,IF(G30>E30,F30,"")) -> Middlesbrough | I30: =IF(H30="",D30,"") | J30: =IF(H30="",F30,"")
A31: 950817 | B31: 36393 | C31: Round | D31: Newcastle | E31: 3 | F31: Wimbledon FC | G31: 3 | H31: =IF(E31>G31,D31,IF(G31>E31,F31,"")) | I31: =IF(H31="",D31,"") -> Newcastle | J31: =IF(H31="",F31,"") -> Wimbledon FC
A32: 950833 | B32: 36393 | C32: Round | D32: Sheffield Weds | E32: 1 | F32: Tottenham | G32: 2 | H32: =IF(E32>G32,D32,IF(G32>E32,F32,"")) -> Tottenham | I32: =IF(H32="",D32,"") | J32: =IF(H32="",F32,"")
A33: 950629 | B33: 36393 | C33: Round | D33: Chelsea | E33: 1 | F33: Aston Villa | G33: 0 | H33: =IF(E33>G33,D33,IF(G33>E33,F33,"")) -> Chelsea | I33: =IF(H33="",D33,"") | J33: =IF(H33="",F33,"")
... A381: 950695 | B381: 36660 | C381: Round | D381: Everton | E381: 0 | F381: Middlesbrough | G381: 2 | H381: =IF(E381>G381,D381,IF(G381>E381,F381,"")) -> Middlesbrough | I381: =IF(H381="",D381,"") | J381: =IF(H381="",F381,"")

Sheet 2000-2001
A1: ID | B1: Date | C1: Round | D1: Home | F1: Away | H1: Winner | I1: Draw-1 | J1: Draw-2 | M1: Team | N1: Wins | O1: Draws | P1: Losses | Q1: Games Played | R1: Goals For | S1: Goals Against | T1: Goal Difference | U1: Points | V1: Position
A2: 467795 | B2: 36756 | C2: Round | D2: Charlton | E2: 4 | F2: Manchester City | G2: 0 | H2: =IF(E2>G2,D2,IF(G2>E2,F2,"")) -> Charlton | I2: =IF(H2="",D2,"") | J2: =IF(H2="",F2,"") | M2: Manchester United | N2: =COUNTIF($H$2:$H$381,M2) -> 24 | O2: =COUNTIF($J$2:$J$381,M2)+COUNTIF($I$2:$I$381,M2) -> 8 | P2: =(COUNTIF($F$2:$F$381,M2)+COUNTIF($D$2:$D$381,M2))-SUM(N2:O2) -> 6 | Q2: =SUM(N2:P2) -> 38 | R2: =SUMIF(D:D,M2,E:E)+SUMIF(F:F,M2,G:G) -> 79 | S2: =SUMIF(D:D,M2,G:G)+SUMIF(F:F,M2,E:E) -> 31 | T2: =R2-S2 -> 48 | U2: =(N2*3)+O2 -> 80 | V2: 1
A3: 467796 | B3: 36756 | C3: Round | D3: Chelsea | E3: 4 | F3: West Ham | G3: 2 | H3: =IF(E3>G3,D3,IF(G3>E3,F3,"")) -> Chelsea | I3: =IF(H3="",D3,"") | J3: =IF(H3="",F3,"") | M3: Arsenal | N3: =COUNTIF($H$2:$H$381,M3) -> 20 | O3: =COUNTIF($J$2:$J$381,M3)+COUNTIF($I$2:$I$381,M3) -> 10 | P3: =(COUNTIF($F$2:$F$381,M3)+COUNTIF($D$2:$D$381,M3))-SUM(N3:O3) -> 8 | Q3: =SUM(N3:P3) -> 38 | R3: =SUMIF(D:D,M3,E:E)+SUMIF(F:F,M3,G:G) -> 63 | S3: =SUMIF(D:D,M3,G:G)+SUMIF(F:F,M3,E:E) -> 38 | T3: =R3-S3 -> 25 | U3: =(N3*3)+O3 -> 70 | V3: 2
A4: 467797 | B4: 36756 | C4: Round | D4: Coventry | E4: 1 | F4: Middlesbrough | G4: 3 | H4: =IF(E4>G4,D4,IF(G4>E4,F4,"")) -> Middlesbrough | I4: =IF(H4="",D4,"") | J4: =IF(H4="",F4,"") | M4: Liverpool | N4: =COUNTIF($H$2:$H$381,M4) -> 20 | O4: =COUNTIF($J$2:$J$381,M4)+COUNTIF($I$2:$I$381,M4) -> 9 | P4: =(COUNTIF($F$2:$F$381,M4)+COUNTIF($D$2:$D$381,M4))-SUM(N4:O4) -> 9 | Q4: =SUM(N4:P4) -> 38 | R4: =SUMIF(D:D,M4,E:E)+SUMIF(F:F,M4,G:G) -> 71 | S4: =SUMIF(D:D,M4,G:G)+SUMIF(F:F,M4,E:E) -> 39 | T4: =R4-S4 -> 32 | U4: =(N4*3)+O4 -> 69 | V4: 3
A5: 467798 | B5: 36756 | C5: Round | D5: Derby | E5: 2 | F5: Southampton | G5: 2 | H5: =IF(E5>G5,D5,IF(G5>E5,F5,"")) | I5: =IF(H5="",D5,"") -> Derby | J5: =IF(H5="",F5,"") -> Southampton | M5: Leeds | N5: =COUNTIF($H$2:$H$381,M5) -> 20 | O5: =COUNTIF($J$2:$J$381,M5)+COUNTIF($I$2:$I$381,M5) -> 8 | P5: =(COUNTIF($F$2:$F$381,M5)+COUNTIF($D$2:$D$381,M5))-SUM(N5:O5) -> 10 | Q5: =SUM(N5:P5) -> 38 | R5: =SUMIF(D:D,M5,E:E)+SUMIF(F:F,M5,G:G) -> 64 | S5: =SUMIF(D:D,M5,G:G)+SUMIF(F:F,M5,E:E) -> 43 | T5: =R5-S5 -> 21 | U5: =(N5*3)+O5 -> 68 | V5: 4
A6: 467799 | B6: 36756 | C6: Round | D6: Leeds | E6: 2 | F6: Everton | G6: 0 | H6: =IF(E6>G6,D6,IF(G6>E6,F6,"")) -> Leeds | I6: =IF(H6="",D6,"") | J6: =IF(H6="",F6,"") | M6: Ipswich | N6: =COUNTIF($H$2:$H$381,M6) -> 20 | O6: =COUNTIF($J$2:$J$381,M6)+COUNTIF($I$2:$I$381,M6) -> 6 | P6: =(COUNTIF($F$2:$F$381,M6)+COUNTIF($D$2:$D$381,M6))-SUM(N6:O6) -> 12 | Q6: =SUM(N6:P6) -> 38 | R6: =SUMIF(D:D,M6,E:E)+SUMIF(F:F,M6,G:G) -> 57 | S6: =SUMIF(D:D,M6,G:G)+SUMIF(F:F,M6,E:E) -> 42 | T6: =R6-S6 -> 15 | U6: =(N6*3)+O6 -> 66 | V6: 5
A7: 467800 | B7: 36756 | C7: Round | D7: Leicester | E7: 0 | F7: Aston Villa | G7: 0 | H7: =IF(E7>G7,D7,IF(G7>E7,F7,"")) | I7: =IF(H7="",D7,"") -> Leicester | J7: =IF(H7="",F7,"") -> Aston Villa | M7: Chelsea | N7: =COUNTIF($H$2:$H$381,M7) -> 17 | O7: =COUNTIF($J$2:$J$381,M7)+COUNTIF($I$2:$I$381,M7) -> 10 | P7: =(COUNTIF($F$2:$F$381,M7)+COUNTIF($D$2:$D$381,M7))-SUM(N7:O7) -> 11 | Q7: =SUM(N7:P7) -> 38 | R7: =SUMIF(D:D,M7,E:E)+SUMIF(F:F,M7,G:G) -> 68 | S7: =SUMIF(D:D,M7,G:G)+SUMIF(F:F,M7,E:E) -> 45 | T7: =R7-S7 -> 23 | U7: =(N7*3)+O7 -> 61 | V7: 6
A8: 467801 | B8: 36756 | C8: Round | D8: Liverpool | E8: 1 | F8: Bradford | G8: 0 | H8: =IF(E8>G8,D8,IF(G8>E8,F8,"")) -> Liverpool | I8: =IF(H8="",D8,"") | J8: =IF(H8="",F8,"") | M8: Sunderland | N8: =COUNTIF($H$2:$H$381,M8) -> 15 | O8: =COUNTIF($J$2:$J$381,M8)+COUNTIF($I$2:$I$381,M8) -> 12 | P8: =(COUNTIF($F$2:$F$381,M8)+COUNTIF($D$2:$D$381,M8))-SUM(N8:O8) -> 11 | Q8: =SUM(N8:P8) -> 38 | R8: =SUMIF(D:D,M8,E:E)+SUMIF(F:F,M8,G:G) -> 46 | S8: =SUMIF(D:D,M8,G:G)+SUMIF(F:F,M8,E:E) -> 41 | T8: =R8-S8 -> 5 | U8: =(N8*3)+O8 -> 57 | V8: 7
A9: 467802 | B9: 36756 | C9: Round | D9: Sunderland | E9: 1 | F9: Arsenal | G9: 0 | H9: =IF(E9>G9,D9,IF(G9>E9,F9,"")) -> Sunderland | I9: =IF(H9="",D9,"") | J9: =IF(H9="",F9,"") | M9: Aston Villa | N9: =COUNTIF($H$2:$H$381,M9) -> 13 | O9: =COUNTIF($J$2:$J$381,M9)+COUNTIF($I$2:$I$381,M9) -> 15 | P9: =(COUNTIF($F$2:$F$381,M9)+COUNTIF($D$2:$D$381,M9))-SUM(N9:O9) -> 10 | Q9: =SUM(N9:P9) -> 38 | R9: =SUMIF(D:D,M9,E:E)+SUMIF(F:F,M9,G:G) -> 46 | S9: =SUMIF(D:D,M9,G:G)+SUMIF(F:F,M9,E:E) -> 43 | T9: =R9-S9 -> 3 | U9: =(N9*3)+O9 -> 54 | V9: 8
A10: 467803 | B10: 36756 | C10: Round | D10: Tottenham | E10: 3 | F10: Ipswich | G10: 1 | H10: =IF(E10>G10,D10,IF(G10>E10,F10,"")) -> Tottenham | I10: =IF(H10="",D10,"") | J10: =IF(H10="",F10,"") | M10: Charlton | N10: =COUNTIF($H$2:$H$381,M10) -> 14 | O10: =COUNTIF($J$2:$J$381,M10)+COUNTIF($I$2:$I$381,M10) -> 10 | P10: =(COUNTIF($F$2:$F$381,M10)+COUNTIF($D$2:$D$381,M10))-SUM(N10:O10) -> 14 | Q10: =SUM(N10:P10) -> 38 | R10: =SUMIF(D:D,M10,E:E)+SUMIF(F:F,M10,G:G) -> 50 | S10: =SUMIF(D:D,M10,G:G)+SUMIF(F:F,M10,E:E) -> 57 | T10: =R10-S10 -> -7 | U10: =(N10*3)+O10 -> 52 | V10: 9
A11: 467804 | B11: 36757 | C11: Round | D11: Manchester United | E11: 2 | F11: Newcastle | G11: 0 | H11: =IF(E11>G11,D11,IF(G11>E11,F11,"")) -> Manchester United | I11: =IF(H11="",D11,"") | J11: =IF(H11="",F11,"") | M11: Southampton | N11: =COUNTIF($H$2:$H$381,M11) -> 14 | O11: =COUNTIF($J$2:$J$381,M11)+COUNTIF($I$2:$I$381,M11) -> 10 | P11: =(COUNTIF($F$2:$F$381,M11)+COUNTIF($D$2:$D$381,M11))-SUM(N11:O11) -> 14 | Q11: =SUM(N11:P11) -> 38 | R11: =SUMIF(D:D,M11,E:E)+SUMIF(F:F,M11,G:G) -> 40 | S11: =SUMIF(D:D,M11,G:G)+SUMIF(F:F,M11,E:E) -> 48 | T11: =R11-S11 -> -8 | U11: =(N11*3)+O11 -> 52 | V11: 10
A12: 467805 | B12: 36758 | C12: Round | D12: Arsenal | E12: 2 | F12: Liverpool | G12: 0 | H12: =IF(E12>G12,D12,IF(G12>E12,F12,"")) -> Arsenal | I12: =IF(H12="",D12,"") | J12: =IF(H12="",F12,"") | M12: Newcastle | N12: =COUNTIF($H$2:$H$381,M12) -> 14 | O12: =COUNTIF($J$2:$J$381,M12)+COUNTIF($I$2:$I$381,M12) -> 9 | P12: =(COUNTIF($F$2:$F$381,M12)+COUNTIF($D$2:$D$381,M12))-SUM(N12:O12) -> 15 | Q12: =SUM(N12:P12) -> 38 | R12: =SUMIF(D:D,M12,E:E)+SUMIF(F:F,M12,G:G) -> 44 | S12: =SUMIF(D:D,M12,G:G)+SUMIF(F:F,M12,E:E) -> 50 | T12: =R12-S12 -> -6 | U12: =(N12*3)+O12 -> 51 | V12: 11
A13: 467806 | B13: 36759 | C13: Round | D13: Bradford | E13: 2 | F13: Chelsea | G13: 0 | H13: =IF(E13>G13,D13,IF(G13>E13,F13,"")) -> Bradford | I13: =IF(H13="",D13,"") | J13: =IF(H13="",F13,"") | M13: Tottenham | N13: =COUNTIF($H$2:$H$381,M13) -> 13 | O13: =COUNTIF($J$2:$J$381,M13)+COUNTIF($I$2:$I$381,M13) -> 10 | P13: =(COUNTIF($F$2:$F$381,M13)+COUNTIF($D$2:$D$381,M13))-SUM(N13:O13) -> 15 | Q13: =SUM(N13:P13) -> 38 | R13: =SUMIF(D:D,M13,E:E)+SUMIF(F:F,M13,G:G) -> 47 | S13: =SUMIF(D:D,M13,G:G)+SUMIF(F:F,M13,E:E) -> 54 | T13: =R13-S13 -> -7 | U13: =(N13*3)+O13 -> 49 | V13: 12
... A21: 467814 | B21: 36763 | C21: Round | D21: Arsenal | E21: 5 | F21: Charlton | G21: 3 | H21: =IF(E21>G21,D21,IF(G21>E21,F21,"")) -> Arsenal | I21: =IF(H21="",D21,"") | J21: =IF(H21="",F21,"") | M21: Bradford | N21: =COUNTIF($H$2:$H$381,M21) -> 5 | O21: =COUNTIF($J$2:$J$381,M21)+COUNTIF($I$2:$I$381,M21) -> 11 | P21: =(COUNTIF($F$2:$F$381,M21)+COUNTIF($D$2:$D$381,M21))-SUM(N21:O21) -> 22 | Q21: =SUM(N21:P21) -> 38 | R21: =SUMIF(D:D,M21,E:E)+SUMIF(F:F,M21,G:G) -> 30 | S21: =SUMIF(D:D,M21,G:G)+SUMIF(F:F,M21,E:E) -> 70 | T21: =R21-S21 -> -40 | U21: =(N21*3)+O21 -> 26 | V21: 20
A22: 467815 | B22: 36763 | C22: Round | D22: Bradford | E22: 0 | F22: Leicester | G22: 0 | H22: =IF(E22>G22,D22,IF(G22>E22,F22,"")) | I22: =IF(H22="",D22,"") -> Bradford | J22: =IF(H22="",F22,"") -> Leicester
A23: 467816 | B23: 36763 | C23: Round | D23: Everton | E23: 2 | F23: Derby | G23: 2 | H23: =IF(E23>G23,D23,IF(G23>E23,F23,"")) | I23: =IF(H23="",D23,"") -> Everton | J23: =IF(H23="",F23,"") -> Derby
A24: 467817 | B24: 36763 | C24: Round | D24: Ipswich | E24: 1 | F24: Sunderland | G24: 0 | H24: =IF(E24>G24,D24,IF(G24>E24,F24,"")) -> Ipswich | I24: =IF(H24="",D24,"") | J24: =IF(H24="",F24,"")
A25: 467818 | B25: 36763 | C25: Round | D25: Manchester City | E25: 1 | F25: Coventry | G25: 2 | H25: =IF(E25>G25,D25,IF(G25>E25,F25,"")) -> Coventry | I25: =IF(H25="",D25,"") | J25: =IF(H25="",F25,"")
A26: 467819 | B26: 36763 | C26: Round | D26: Middlesbrough | E26: 1 | F26: Leeds | G26: 2 | H26: =IF(E26>G26,D26,IF(G26>E26,F26,"")) -> Leeds | I26: =IF(H26="",D26,"") | J26: =IF(H26="",F26,"")
A27: 467820 | B27: 36763 | C27: Round | D27: Newcastle | E27: 2 | F27: Tottenham | G27: 0 | H27: =IF(E27>G27,D27,IF(G27>E27,F27,"")) -> Newcastle | I27: =IF(H27="",D27,"") | J27: =IF(H27="",F27,"")
A28: 467821 | B28: 36763 | C28: Round | D28: Southampton | E28: 3 | F28: Liverpool | G28: 3 | H28: =IF(E28>G28,D28,IF(G28>E28,F28,"")) | I28: =IF(H28="",D28,"") -> Southampton | J28: =IF(H28="",F28,"") -> Liverpool
A29: 467822 | B29: 36763 | C29: Round | D29: West Ham | E29: 2 | F29: Manchester United | G29: 2 | H29: =IF(E29>G29,D29,IF(G29>E29,F29,"")) | I29: =IF(H29="",D29,"") -> West Ham | J29: =IF(H29="",F29,"") -> Manchester United
A30: 467823 | B30: 36764 | C30: Round | D30: Aston Villa | E30: 1 | F30: Chelsea | G30: 1 | H30: =IF(E30>G30,D30,IF(G30>E30,F30,"")) | I30: =IF(H30="",D30,"") -> Aston Villa | J30: =IF(H30="",F30,"") -> Chelsea
A31: 467824 | B31: 36773 | C31: Round | D31: Leeds | E31: 1 | F31: Manchester City | G31: 2 | H31: =IF(E31>G31,D31,IF(G31>E31,F31,"")) -> Manchester City | I31: =IF(H31="",D31,"") | J31: =IF(H31="",F31,"")
A32: 467825 | B32: 36773 | C32: Round | D32: Manchester United | E32: 6 | F32: Bradford | G32: 0 | H32: =IF(E32>G32,D32,IF(G32>E32,F32,"")) -> Manchester United | I32: =IF(H32="",D32,"") | J32: =IF(H32="",F32,"")
A33: 467826 | B33: 36773 | C33: Round | D33: Sunderland | E33: 1 | F33: West Ham | G33: 1 | H33: =IF(E33>G33,D33,IF(G33>E33,F33,"")) | I33: =IF(H33="",D33,"") -> Sunderland | J33: =IF(H33="",F33,"") -> West Ham
... A381: 468174 | B381: 37029 | C381: Round | D381: Tottenham | E381: 3 | F381: Manchester United | G381: 1 | H381: =IF(E381>G381,D381,IF(G381>E381,F381,"")) -> Tottenham | I381: =IF(H381="",D381,"") | J381: =IF(H381="",F381,"")

Sheet 2001-2002
A1: ID | B1: Date | C1: Round | D1: Home | F1: Away | H1: Winner | I1: Draw-1 | J1: Draw-2 | M1: Team | N1: Wins | O1: Draws | P1: Losses | Q1: Games Played | R1: Goals For | S1: Goals Against | T1: Goal Difference | U1: Points | V1: Position
A2: 467415 | B2: 37120 | C2: Round | D2: Charlton | E2: 1 | F2: Everton | G2: 2 | H2: =IF(E2>G2,D2,IF(G2>E2,F2,"")) -> Everton | I2: =IF(H2="",D2,"") | J2: =IF(H2="",F2,"") | M2: Arsenal | N2: =COUNTIF($H$2:$H$381,M2) -> 26 | O2: =COUNTIF($J$2:$J$381,M2)+COUNTIF($I$2:$I$381,M2) -> 9 | P2: =(COUNTIF($F$2:$F$381,M2)+COUNTIF($D$2:$D$381,M2))-SUM(N2:O2) -> 3 | Q2: =SUM(N2:P2) -> 38 | R2: =SUMIF(D:D,M2,E:E)+SUMIF(F:F,M2,G:G) -> 79 | S2: =SUMIF(D:D,M2,G:G)+SUMIF(F:F,M2,E:E) -> 36 | T2: =R2-S2 -> 43 | U2: =(N2*3)+O2 -> 87 | V2: 1
A3: 467416 | B3: 37120 | C3: Round | D3: Derby | E3: 2 | F3: Blackburn | G3: 1 | H3: =IF(E3>G3,D3,IF(G3>E3,F3,"")) -> Derby | I3: =IF(H3="",D3,"") | J3: =IF(H3="",F3,"") | M3: Liverpool | N3: =COUNTIF($H$2:$H$381,M3) -> 24 | O3: =COUNTIF($J$2:$J$381,M3)+COUNTIF($I$2:$I$381,M3) -> 8 | P3: =(COUNTIF($F$2:$F$381,M3)+COUNTIF($D$2:$D$381,M3))-SUM(N3:O3) -> 6 | Q3: =SUM(N3:P3) -> 38 | R3: =SUMIF(D:D,M3,E:E)+SUMIF(F:F,M3,G:G) -> 67 | S3: =SUMIF(D:D,M3,G:G)+SUMIF(F:F,M3,E:E) -> 30 | T3: =R3-S3 -> 37 | U3: =(N3*3)+O3 -> 80 | V3: 2
A4: 467417 | B4: 37120 | C4: Round | D4: Leeds | E4: 2 | F4: Southampton | G4: 0 | H4: =IF(E4>G4,D4,IF(G4>E4,F4,"")) -> Leeds | I4: =IF(H4="",D4,"") | J4: =IF(H4="",F4,"") | M4: Manchester United | N4: =COUNTIF($H$2:$H$381,M4) -> 24 | O4: =COUNTIF($J$2:$J$381,M4)+COUNTIF($I$2:$I$381,M4) -> 5 | P4: =(COUNTIF($F$2:$F$381,M4)+COUNTIF($D$2:$D$381,M4))-SUM(N4:O4) -> 9 | Q4: =SUM(N4:P4) -> 38 | R4: =SUMIF(D:D,M4,E:E)+SUMIF(F:F,M4,G:G) -> 87 | S4: =SUMIF(D:D,M4,G:G)+SUMIF(F:F,M4,E:E) -> 45 | T4: =R4-S4 -> 42 | U4: =(N4*3)+O4 -> 77 | V4: 3
A5: 467418 | B5: 37120 | C5: Round | D5: Leicester | E5: 0 | F5: Bolton | G5: 5 | H5: =IF(E5>G5,D5,IF(G5>E5,F5,"")) -> Bolton | I5: =IF(H5="",D5,"") | J5: =IF(H5="",F5,"") | M5: Newcastle | N5: =COUNTIF($H$2:$H$381,M5) -> 21 | O5: =COUNTIF($J$2:$J$381,M5)+COUNTIF($I$2:$I$381,M5) -> 8 | P5: =(COUNTIF($F$2:$F$381,M5)+COUNTIF($D$2:$D$381,M5))-SUM(N5:O5) -> 9 | Q5: =SUM(N5:P5) -> 38 | R5: =SUMIF(D:D,M5,E:E)+SUMIF(F:F,M5,G:G) -> 74 | S5: =SUMIF(D:D,M5,G:G)+SUMIF(F:F,M5,E:E) -> 52 | T5: =R5-S5 -> 22 | U5: =(N5*3)+O5 -> 71 | V5: 4
A6: 467419 | B6: 37120 | C6: Round | D6: Liverpool | E6: 2 | F6: West Ham | G6: 1 | H6: =IF(E6>G6,D6,IF(G6>E6,F6,"")) -> Liverpool | I6: =IF(H6="",D6,"") | J6: =IF(H6="",F6,"") | M6: Leeds | N6: =COUNTIF($H$2:$H$381,M6) -> 18 | O6: =COUNTIF($J$2:$J$381,M6)+COUNTIF($I$2:$I$381,M6) -> 12 | P6: =(COUNTIF($F$2:$F$381,M6)+COUNTIF($D$2:$D$381,M6))-SUM(N6:O6) -> 8 | Q6: =SUM(N6:P6) -> 38 | R6: =SUMIF(D:D,M6,E:E)+SUMIF(F:F,M6,G:G) -> 53 | S6: =SUMIF(D:D,M6,G:G)+SUMIF(F:F,M6,E:E) -> 37 | T6: =R6-S6 -> 16 | U6: =(N6*3)+O6 -> 66 | V6: 5
A7: 467420 | B7: 37120 | C7: Round | D7: Middlesbrough | E7: 0 | F7: Arsenal | G7: 4 | H7: =IF(E7>G7,D7,IF(G7>E7,F7,"")) -> Arsenal | I7: =IF(H7="",D7,"") | J7: =IF(H7="",F7,"") | M7: Chelsea | N7: =COUNTIF($H$2:$H$381,M7) -> 17 | O7: =COUNTIF($J$2:$J$381,M7)+COUNTIF($I$2:$I$381,M7) -> 13 | P7: =(COUNTIF($F$2:$F$381,M7)+COUNTIF($D$2:$D$381,M7))-SUM(N7:O7) -> 8 | Q7: =SUM(N7:P7) -> 38 | R7: =SUMIF(D:D,M7,E:E)+SUMIF(F:F,M7,G:G) -> 66 | S7: =SUMIF(D:D,M7,G:G)+SUMIF(F:F,M7,E:E) -> 38 | T7: =R7-S7 -> 28 | U7: =(N7*3)+O7 -> 64 | V7: 6
A8: 467421 | B8: 37120 | C8: Round | D8: Sunderland | E8: 1 | F8: Ipswich | G8: 0 | H8: =IF(E8>G8,D8,IF(G8>E8,F8,"")) -> Sunderland | I8: =IF(H8="",D8,"") | J8: =IF(H8="",F8,"") | M8: West Ham | N8: =COUNTIF($H$2:$H$381,M8) -> 15 | O8: =COUNTIF($J$2:$J$381,M8)+COUNTIF($I$2:$I$381,M8) -> 8 | P8: =(COUNTIF($F$2:$F$381,M8)+COUNTIF($D$2:$D$381,M8))-SUM(N8:O8) -> 15 | Q8: =SUM(N8:P8) -> 38 | R8: =SUMIF(D:D,M8,E:E)+SUMIF(F:F,M8,G:G) -> 48 | S8: =SUMIF(D:D,M8,G:G)+SUMIF(F:F,M8,E:E) -> 57 | T8: =R8-S8 -> -9 | U8: =(N8*3)+O8 -> 53 | V8: 7
A9: 467422 | B9: 37120 | C9: Round | D9: Tottenham | E9: 0 | F9: Aston Villa | G9: 0 | H9: =IF(E9>G9,D9,IF(G9>E9,F9,"")) | I9: =IF(H9="",D9,"") -> Tottenham | J9: =IF(H9="",F9,"") -> Aston Villa | M9: Aston Villa | N9: =COUNTIF($H$2:$H$381,M9) -> 12 | O9: =COUNTIF($J$2:$J$381,M9)+COUNTIF($I$2:$I$381,M9) -> 14 | P9: =(COUNTIF($F$2:$F$381,M9)+COUNTIF($D$2:$D$381,M9))-SUM(N9:O9) -> 12 | Q9: =SUM(N9:P9) -> 38 | R9: =SUMIF(D:D,M9,E:E)+SUMIF(F:F,M9,G:G) -> 46 | S9: =SUMIF(D:D,M9,G:G)+SUMIF(F:F,M9,E:E) -> 47 | T9: =R9-S9 -> -1 | U9: =(N9*3)+O9 -> 50 | V9: 8
A10: 467423 | B10: 37121 | C10: Round | D10: Chelsea | E10: 1 | F10: Newcastle | G10: 1 | H10: =IF(E10>G10,D10,IF(G10>E10,F10,"")) | I10: =IF(H10="",D10,"") -> Chelsea | J10: =IF(H10="",F10,"") -> Newcastle | M10: Tottenham | N10: =COUNTIF($H$2:$H$381,M10) -> 14 | O10: =COUNTIF($J$2:$J$381,M10)+COUNTIF($I$2:$I$381,M10) -> 8 | P10: =(COUNTIF($F$2:$F$381,M10)+COUNTIF($D$2:$D$381,M10))-SUM(N10:O10) -> 16 | Q10: =SUM(N10:P10) -> 38 | R10: =SUMIF(D:D,M10,E:E)+SUMIF(F:F,M10,G:G) -> 49 | S10: =SUMIF(D:D,M10,G:G)+SUMIF(F:F,M10,E:E) -> 53 | T10: =R10-S10 -> -4 | U10: =(N10*3)+O10 -> 50 | V10: 9
A11: 467424 | B11: 37121 | C11: Round | D11: Manchester United | E11: 3 | F11: Fulham | G11: 2 | H11: =IF(E11>G11,D11,IF(G11>E11,F11,"")) -> Manchester United | I11: =IF(H11="",D11,"") | J11: =IF(H11="",F11,"") | M11: Blackburn | N11: =COUNTIF($H$2:$H$381,M11) -> 12 | O11: =COUNTIF($J$2:$J$381,M11)+COUNTIF($I$2:$I$381,M11) -> 10 | P11: =(COUNTIF($F$2:$F$381,M11)+COUNTIF($D$2:$D$381,M11))-SUM(N11:O11) -> 16 | Q11: =SUM(N11:P11) -> 38 | R11: =SUMIF(D:D,M11,E:E)+SUMIF(F:F,M11,G:G) -> 55 | S11: =SUMIF(D:D,M11,G:G)+SUMIF(F:F,M11,E:E) -> 51 | T11: =R11-S11 -> 4 | U11: =(N11*3)+O11 -> 46 | V11: 10
A12: 467425 | B12: 37122 | C12: Round | D12: Everton | E12: 1 | F12: Tottenham | G12: 1 | H12: =IF(E12>G12,D12,IF(G12>E12,F12,"")) | I12: =IF(H12="",D12,"") -> Everton | J12: =IF(H12="",F12,"") -> Tottenham | M12: Southampton | N12: =COUNTIF($H$2:$H$381,M12) -> 12 | O12: =COUNTIF($J$2:$J$381,M12)+COUNTIF($I$2:$I$381,M12) -> 9 | P12: =(COUNTIF($F$2:$F$381,M12)+COUNTIF($D$2:$D$381,M12))-SUM(N12:O12) -> 17 | Q12: =SUM(N12:P12) -> 38 | R12: =SUMIF(D:D,M12,E:E)+SUMIF(F:F,M12,G:G) -> 46 | S12: =SUMIF(D:D,M12,G:G)+SUMIF(F:F,M12,E:E) -> 54 | T12: =R12-S12 -> -8 | U12: =(N12*3)+O12 -> 45 | V12: 11
A13: 467426 | B13: 37123 | C13: Round | D13: Arsenal | E13: 1 | F13: Leeds | G13: 2 | H13: =IF(E13>G13,D13,IF(G13>E13,F13,"")) -> Leeds | I13: =IF(H13="",D13,"") | J13: =IF(H13="",F13,"") | M13: Middlesbrough | N13: =COUNTIF($H$2:$H$381,M13) -> 12 | O13: =COUNTIF($J$2:$J$381,M13)+COUNTIF($I$2:$I$381,M13) -> 9 | P13: =(COUNTIF($F$2:$F$381,M13)+COUNTIF($D$2:$D$381,M13))-SUM(N13:O13) -> 17 | Q13: =SUM(N13:P13) -> 38 | R13: =SUMIF(D:D,M13,E:E)+SUMIF(F:F,M13,G:G) -> 35 | S13: =SUMIF(D:D,M13,G:G)+SUMIF(F:F,M13,E:E) -> 47 | T13: =R13-S13 -> -12 | U13: =(N13*3)+O13 -> 45 | V13: 12
... A21: 467434 | B21: 37127 | C21: Round | D21: Fulham | E21: 0 | F21: Derby | G21: 0 | H21: =IF(E21>G21,D21,IF(G21>E21,F21,"")) | I21: =IF(H21="",D21,"") -> Fulham | J21: =IF(H21="",F21,"") -> Derby | M21: Leicester | N21: =COUNTIF($H$2:$H$381,M21) -> 5 | O21: =COUNTIF($J$2:$J$381,M21)+COUNTIF($I$2:$I$381,M21) -> 13 | P21: =(COUNTIF($F$2:$F$381,M21)+COUNTIF($D$2:$D$381,M21))-SUM(N21:O21) -> 20 | Q21: =SUM(N21:P21) -> 38 | R21: =SUMIF(D:D,M21,E:E)+SUMIF(F:F,M21,G:G) -> 30 | S21: =SUMIF(D:D,M21,G:G)+SUMIF(F:F,M21,E:E) -> 64 | T21: =R21-S21 -> -34 | U21: =(N21*3)+O21 -> 28 | V21: 20
A22: 467435 | B22: 37127 | C22: Round | D22: Ipswich | E22: 0 | F22: Charlton | G22: 1 | H22: =IF(E22>G22,D22,IF(G22>E22,F22,"")) -> Charlton | I22: =IF(H22="",D22,"") | J22: =IF(H22="",F22,"")
A23: 467436 | B23: 37127 | C23: Round | D23: Southampton | E23: 0 | F23: Chelsea | G23: 2 | H23: =IF(E23>G23,D23,IF(G23>E23,F23,"")) -> Chelsea | I23: =IF(H23="",D23,"") | J23: =IF(H23="",F23,"")
A24: 467437 | B24: 37127 | C24: Round | D24: West Ham | E24: 0 | F24: Leeds | G24: 0 | H24: =IF(E24>G24,D24,IF(G24>E24,F24,"")) | I24: =IF(H24="",D24,"") -> West Ham | J24: =IF(H24="",F24,"") -> Leeds
A25: 467438 | B25: 37128 | C25: Round | D25: Aston Villa | E25: 1 | F25: Manchester United | G25: 1 | H25: =IF(E25>G25,D25,IF(G25>E25,F25,"")) | I25: =IF(H25="",D25,"") -> Aston Villa | J25: =IF(H25="",F25,"") -> Manchester United
A26: 467439 | B26: 37128 | C26: Round | D26: Newcastle | E26: 1 | F26: Sunderland | G26: 1 | H26: =IF(E26>G26,D26,IF(G26>E26,F26,"")) | I26: =IF(H26="",D26,"") -> Newcastle | J26: =IF(H26="",F26,"") -> Sunderland
A27: 467440 | B27: 37129 | C27: Round | D27: Bolton | E27: 2 | F27: Liverpool | G27: 1 | H27: =IF(E27>G27,D27,IF(G27>E27,F27,"")) -> Bolton | I27: =IF(H27="",D27,"") | J27: =IF(H27="",F27,"")
A28: 467441 | B28: 37141 | C28: Round | D28: Chelsea | E28: 1 | F28: Arsenal | G28: 1 | H28: =IF(E28>G28,D28,IF(G28>E28,F28,"")) | I28: =IF(H28="",D28,"") -> Chelsea | J28: =IF(H28="",F28,"") -> Arsenal
A29: 467442 | B29: 37141 | C29: Round | D29: Derby | E29: 0 | F29: West Ham | G29: 0 | H29: =IF(E29>G29,D29,IF(G29>E29,F29,"")) | I29: =IF(H29="",D29,"") -> Derby | J29: =IF(H29="",F29,"") -> West Ham
A30: 467443 | B30: 37141 | C30: Round | D30: Leeds | E30: 0 | F30: Bolton | G30: 0 | H30: =IF(E30>G30,D30,IF(G30>E30,F30,"")) | I30: =IF(H30="",D30,"") -> Leeds | J30: =IF(H30="",F30,"") -> Bolton
A31: 467444 | B31: 37141 | C31: Round | D31: Leicester | E31: 1 | F31: Ipswich | G31: 1 | H31: =IF(E31>G31,D31,IF(G31>E31,F31,"")) | I31: =IF(H31="",D31,"") -> Leicester | J31: =IF(H31="",F31,"") -> Ipswich
A32: 467445 | B32: 37141 | C32: Round | D32: Liverpool | E32: 1 | F32: Aston Villa | G32: 3 | H32: =IF(E32>G32,D32,IF(G32>E32,F32,"")) -> Aston Villa | I32: =IF(H32="",D32,"") | J32: =IF(H32="",F32,"")
A33: 467446 | B33: 37141 | C33: Round | D33: Manchester United | E33: 4 | F33: Everton | G33: 1 | H33: =IF(E33>G33,D33,IF(G33>E33,F33,"")) -> Manchester United | I33: =IF(H33="",D33,"") | J33: =IF(H33="",F33,"")
... A381: 467794 | B381: 37386 | C381: Round | D381: West Ham | E381: 2 | F381: Bolton | G381: 1 | H381: =IF(E381>G381,D381,IF(G381>E381,F381,"")) -> West Ham | I381: =IF(H381="",D381,"") | J381: =IF(H381="",F381,"")

Sheet 2002-2003
A1: ID | B1: Date | C1: Round | D1: Home | F1: Away | H1: Winner | I1: Draw-1 | J1: Draw-2 | M1: Team | N1: Wins | O1: Draws | P1: Losses | Q1: Games Played | R1: Goals For | S1: Goals Against | T1: Goal Difference | U1: Points | V1: Position
A2: 467035 | B2: 37484 | C2: Round | D2: Blackburn | E2: 0 | F2: Sunderland | G2: 0 | H2: =IF(E2>G2,D2,IF(G2>E2,F2,"")) | I2: =IF(H2="",D2,"") -> Blackburn | J2: =IF(H2="",F2,"") -> Sunderland | M2: Blackburn | N2: =COUNTIF($H$2:$H$381,M2) -> 16 | O2: =COUNTIF($J$2:$J$381,M2)+COUNTIF($I$2:$I$381,M2) -> 12 | P2: =(COUNTIF($F$2:$F$381,M2)+COUNTIF($D$2:$D$381,M2))-SUM(N2:O2) -> 10 | Q2: =SUM(N2:P2) -> 38 | R2: =SUMIF(D:D,M2,E:E)+SUMIF(F:F,M2,G:G) -> 52 | S2: =SUMIF(D:D,M2,G:G)+SUMIF(F:F,M2,E:E) -> 43 | T2: =R2-S2 -> 9 | U2: =(N2*3)+O2 -> 60 | V2: {=RANK(U2:U21,U2:U21,0)} -> 6
A3: 467036 | B3: 37484 | C3: Round | D3: Charlton | E3: 2 | F3: Chelsea | G3: 3 | H3: =IF(E3>G3,D3,IF(G3>E3,F3,"")) -> Chelsea | I3: =IF(H3="",D3,"") | J3: =IF(H3="",F3,"") | M3: Charlton | N3: =COUNTIF($H$2:$H$381,M3) -> 14 | O3: =COUNTIF($J$2:$J$381,M3)+COUNTIF($I$2:$I$381,M3) -> 7 | P3: =(COUNTIF($F$2:$F$381,M3)+COUNTIF($D$2:$D$381,M3))-SUM(N3:O3) -> 17 | Q3: =SUM(N3:P3) -> 38 | R3: =SUMIF(D:D,M3,E:E)+SUMIF(F:F,M3,G:G) -> 45 | S3: =SUMIF(D:D,M3,G:G)+SUMIF(F:F,M3,E:E) -> 56 | T3: =R3-S3 -> -11 | U3: =(N3*3)+O3 -> 49 | V3: 11
A4: 467037 | B4: 37484 | C4: Round | D4: Everton | E4: 2 | F4: Tottenham | G4: 2 | H4: =IF(E4>G4,D4,IF(G4>E4,F4,"")) | I4: =IF(H4="",D4,"") -> Everton | J4: =IF(H4="",F4,"") -> Tottenham | M4: Everton | N4: =COUNTIF($H$2:$H$381,M4) -> 17 | O4: =COUNTIF($J$2:$J$381,M4)+COUNTIF($I$2:$I$381,M4) -> 8 | P4: =(COUNTIF($F$2:$F$381,M4)+COUNTIF($D$2:$D$381,M4))-SUM(N4:O4) -> 13 | Q4: =SUM(N4:P4) -> 38 | R4: =SUMIF(D:D,M4,E:E)+SUMIF(F:F,M4,G:G) -> 48 | S4: =SUMIF(D:D,M4,G:G)+SUMIF(F:F,M4,E:E) -> 49 | T4: =R4-S4 -> -1 | U4: =(N4*3)+O4 -> 59 | V4: 7
A5: 467038 | B5: 37484 | C5: Round | D5: Fulham | E5: 4 | F5: Bolton | G5: 1 | H5: =IF(E5>G5,D5,IF(G5>E5,F5,"")) -> Fulham | I5: =IF(H5="",D5,"") | J5: =IF(H5="",F5,"") | M5: Fulham | N5: =COUNTIF($H$2:$H$381,M5) -> 13 | O5: =COUNTIF($J$2:$J$381,M5)+COUNTIF($I$2:$I$381,M5) -> 9 | P5: =(COUNTIF($F$2:$F$381,M5)+COUNTIF($D$2:$D$381,M5))-SUM(N5:O5) -> 16 | Q5: =SUM(N5:P5) -> 38 | R5: =SUMIF(D:D,M5,E:E)+SUMIF(F:F,M5,G:G) -> 41 | S5: =SUMIF(D:D,M5,G:G)+SUMIF(F:F,M5,E:E) -> 50 | T5: =R5-S5 -> -9 | U5: =(N5*3)+O5 -> 48 | V5: 13
A6: 467039 | B6: 37484 | C6: Round | D6: Leeds | E6: 3 | F6: Manchester City | G6: 0 | H6: =IF(E6>G6,D6,IF(G6>E6,F6,"")) -> Leeds | I6: =IF(H6="",D6,"") | J6: =IF(H6="",F6,"") | M6: Leeds | N6: =COUNTIF($H$2:$H$381,M6) -> 14 | O6: =COUNTIF($J$2:$J$381,M6)+COUNTIF($I$2:$I$381,M6) -> 5 | P6: =(COUNTIF($F$2:$F$381,M6)+COUNTIF($D$2:$D$381,M6))-SUM(N6:O6) -> 19 | Q6: =SUM(N6:P6) -> 38 | R6: =SUMIF(D:D,M6,E:E)+SUMIF(F:F,M6,G:G) -> 58 | S6: =SUMIF(D:D,M6,G:G)+SUMIF(F:F,M6,E:E) -> 57 | T6: =R6-S6 -> 1 | U6: =(N6*3)+O6 -> 47 | V6: 15
A7: 467040 | B7: 37484 | C7: Round | D7: Manchester United | E7: 1 | F7: West Brom | G7: 0 | H7: =IF(E7>G7,D7,IF(G7>E7,F7,"")) -> Manchester United | I7: =IF(H7="",D7,"") | J7: =IF(H7="",F7,"") | M7: Manchester United | N7: =COUNTIF($H$2:$H$381,M7) -> 25 | O7: =COUNTIF($J$2:$J$381,M7)+COUNTIF($I$2:$I$381,M7) -> 8 | P7: =(COUNTIF($F$2:$F$381,M7)+COUNTIF($D$2:$D$381,M7))-SUM(N7:O7) -> 5 | Q7: =SUM(N7:P7) -> 38 | R7: =SUMIF(D:D,M7,E:E)+SUMIF(F:F,M7,G:G) -> 74 | S7: =SUMIF(D:D,M7,G:G)+SUMIF(F:F,M7,E:E) -> 34 | T7: =R7-S7 -> 40 | U7: =(N7*3)+O7 -> 83 | V7: 1
A8: 467041 | B8: 37484 | C8: Round | D8: Southampton | E8: 0 | F8: Middlesbrough | G8: 0 | H8: =IF(E8>G8,D8,IF(G8>E8,F8,"")) | I8: =IF(H8="",D8,"") -> Southampton | J8: =IF(H8="",F8,"") -> Middlesbrough | M8: Southampton | N8: =COUNTIF($H$2:$H$381,M8) -> 13 | O8: =COUNTIF($J$2:$J$381,M8)+COUNTIF($I$2:$I$381,M8) -> 13 | P8: =(COUNTIF($F$2:$F$381,M8)+COUNTIF($D$2:$D$381,M8))-SUM(N8:O8) -> 12 | Q8: =SUM(N8:P8) -> 38 | R8: =SUMIF(D:D,M8,E:E)+SUMIF(F:F,M8,G:G) -> 43 | S8: =SUMIF(D:D,M8,G:G)+SUMIF(F:F,M8,E:E) -> 46 | T8: =R8-S8 -> -3 | U8: =(N8*3)+O8 -> 52 | V8: 8
A9: 467042 | B9: 37485 | C9: Round | D9: Arsenal | E9: 2 | F9: Birmingham | G9: 0 | H9: =IF(E9>G9,D9,IF(G9>E9,F9,"")) -> Arsenal | I9: =IF(H9="",D9,"") | J9: =IF(H9="",F9,"") | M9: Arsenal | N9: =COUNTIF($H$2:$H$381,M9) -> 23 | O9: =COUNTIF($J$2:$J$381,M9)+COUNTIF($I$2:$I$381,M9) -> 9 | P9: =(COUNTIF($F$2:$F$381,M9)+COUNTIF($D$2:$D$381,M9))-SUM(N9:O9) -> 6 | Q9: =SUM(N9:P9) -> 38 | R9: =SUMIF(D:D,M9,E:E)+SUMIF(F:F,M9,G:G) -> 85 | S9: =SUMIF(D:D,M9,G:G)+SUMIF(F:F,M9,E:E) -> 42 | T9: =R9-S9 -> 43 | U9: =(N9*3)+O9 -> 78 | V9: 2
A10: 467043 | B10: 37485 | C10: Round | D10: Aston Villa | E10: 0 | F10: Liverpool | G10: 1 | H10: =IF(E10>G10,D10,IF(G10>E10,F10,"")) -> Liverpool | I10: =IF(H10="",D10,"") | J10: =IF(H10="",F10,"") | M10: Aston Villa | N10: =COUNTIF($H$2:$H$381,M10) -> 12 | O10: =COUNTIF($J$2:$J$381,M10)+COUNTIF($I$2:$I$381,M10) -> 9 | P10: =(COUNTIF($F$2:$F$381,M10)+COUNTIF($D$2:$D$381,M10))-SUM(N10:O10) -> 17 | Q10: =SUM(N10:P10) -> 38 | R10: =SUMIF(D:D,M10,E:E)+SUMIF(F:F,M10,G:G) -> 42 | S10: =SUMIF(D:D,M10,G:G)+SUMIF(F:F,M10,E:E) -> 47 | T10: =R10-S10 -> -5 | U10: =(N10*3)+O10 -> 45 | V10: 16
A11: 467044 | B11: 37486 | C11: Round | D11: Newcastle | E11: 4 | F11: West Ham | G11: 0 | H11: =IF(E11>G11,D11,IF(G11>E11,F11,"")) -> Newcastle | I11: =IF(H11="",D11,"") | J11: =IF(H11="",F11,"") | M11: Newcastle | N11: =COUNTIF($H$2:$H$381,M11) -> 21 | O11: =COUNTIF($J$2:$J$381,M11)+COUNTIF($I$2:$I$381,M11) -> 6 | P11: =(COUNTIF($F$2:$F$381,M11)+COUNTIF($D$2:$D$381,M11))-SUM(N11:O11) -> 11 | Q11: =SUM(N11:P11) -> 38 | R11: =SUMIF(D:D,M11,E:E)+SUMIF(F:F,M11,G:G) -> 63 | S11: =SUMIF(D:D,M11,G:G)+SUMIF(F:F,M11,E:E) -> 48 | T11: =R11-S11 -> 15 | U11: =(N11*3)+O11 -> 69 | V11: 3
A12: 467045 | B12: 37490 | C12: Round | D12: Chelsea | E12: 2 | F12: Manchester United | G12: 2 | H12: =IF(E12>G12,D12,IF(G12>E12,F12,"")) | I12: =IF(H12="",D12,"") -> Chelsea | J12: =IF(H12="",F12,"") -> Manchester United | M12: Chelsea | N12: =COUNTIF($H$2:$H$381,M12) -> 19 | O12: =COUNTIF($J$2:$J$381,M12)+COUNTIF($I$2:$I$381,M12) -> 10 | P12: =(COUNTIF($F$2:$F$381,M12)+COUNTIF($D$2:$D$381,M12))-SUM(N12:O12) -> 9 | Q12: =SUM(N12:P12) -> 38 | R12: =SUMIF(D:D,M12,E:E)+SUMIF(F:F,M12,G:G) -> 68 | S12: =SUMIF(D:D,M12,G:G)+SUMIF(F:F,M12,E:E) -> 38 | T12: =R12-S12 -> 30 | U12: =(N12*3)+O12 -> 67 | V12: 4
A13: 467046 | B13: 37491 | C13: Round | D13: Birmingham | E13: 0 | F13: Blackburn | G13: 1 | H13: =IF(E13>G13,D13,IF(G13>E13,F13,"")) -> Blackburn | I13: =IF(H13="",D13,"") | J13: =IF(H13="",F13,"") | M13: Birmingham | N13: =COUNTIF($H$2:$H$381,M13) -> 13 | O13: =COUNTIF($J$2:$J$381,M13)+COUNTIF($I$2:$I$381,M13) -> 9 | P13: =(COUNTIF($F$2:$F$381,M13)+COUNTIF($D$2:$D$381,M13))-SUM(N13:O13) -> 16 | Q13: =SUM(N13:P13) -> 38 | R13: =SUMIF(D:D,M13,E:E)+SUMIF(F:F,M13,G:G) -> 41 | S13: =SUMIF(D:D,M13,G:G)+SUMIF(F:F,M13,E:E) -> 49 | T13: =R13-S13 -> -8 | U13: =(N13*3)+O13 -> 48 | V13: 13
A14: 467047 | B14: 37491 | C14: Round | D14: Bolton | E14: 1 | F14: Charlton | G14: 2 | H14: =IF(E14>G14,D14,IF(G14>E14,F14,"")) -> Charlton | I14: =IF(H14="",D14,"") | J14: =IF(H14="",F14,"") | M14: Bolton | N14: =COUNTIF($H$2:$H$381,M14) -> 10 | O14: =COUNTIF($J$2:$J$381,M14)+COUNTIF($I$2:$I$381,M14) -> 14 | P14: =(COUNTIF($F$2:$F$381,M14)+COUNTIF($D$2:$D$381,M14))-SUM(N14:O14) -> 14 | Q14: =SUM(N14:P14) -> 38 | R14: =SUMIF(D:D,M14,E:E)+SUMIF(F:F,M14,G:G) -> 41 | S14: =SUMIF(D:D,M14,G:G)+SUMIF(F:F,M14,E:E) -> 51 | T14: =R14-S14 -> -10 | U14: =(N14*3)+O14 -> 44 | V14: 17
... A21: 467054 | B21: 37491 | C21: Round | D21: West Ham | E21: 2 | F21: Arsenal | G21: 2 | H21: =IF(E21>G21,D21,IF(G21>E21,F21,"")) | I21: =IF(H21="",D21,"") -> West Ham | J21: =IF(H21="",F21,"") -> Arsenal | M21: West Ham | N21: =COUNTIF($H$2:$H$381,M21) -> 10 | O21: =COUNTIF($J$2:$J$381,M21)+COUNTIF($I$2:$I$381,M21) -> 12 | P21: =(COUNTIF($F$2:$F$381,M21)+COUNTIF($D$2:$D$381,M21))-SUM(N21:O21) -> 16 | Q21: =SUM(N21:P21) -> 38 | R21: =SUMIF(D:D,M21,E:E)+SUMIF(F:F,M21,G:G) -> 42 | S21: =SUMIF(D:D,M21,G:G)+SUMIF(F:F,M21,E:E) -> 59 | T21: =R21-S21 -> -17 | U21: =(N21*3)+O21 -> 42 | V21: 18
A22: 467055 | B22: 37494 | C22: Round | D22: Arsenal | E22: 5 | F22: West Brom | G22: 2 | H22: =IF(E22>G22,D22,IF(G22>E22,F22,"")) -> Arsenal | I22: =IF(H22="",D22,"") | J22: =IF(H22="",F22,"")
A23: 467056 | B23: 37494 | C23: Round | D23: Charlton | E23: 0 | F23: Tottenham | G23: 1 | H23: =IF(E23>G23,D23,IF(G23>E23,F23,"")) -> Tottenham | I23: =IF(H23="",D23,"") | J23: =IF(H23="",F23,"")
A24: 467057 | B24: 37495 | C24: Round | D24: Aston Villa | E24: 1 | F24: Manchester City | G24: 0 | H24: =IF(E24>G24,D24,IF(G24>E24,F24,"")) -> Aston Villa | I24: =IF(H24="",D24,"") | J24: =IF(H24="",F24,"")
A25: 467058 | B25: 37495 | C25: Round | D25: Blackburn | E25: 2 | F25: Liverpool | G25: 2 | H25: =IF(E25>G25,D25,IF(G25>E25,F25,"")) | I25: =IF(H25="",D25,"") -> Blackburn | J25: =IF(H25="",F25,"") -> Liverpool
A26: 467059 | B26: 37495 | C26: Round | D26: Everton | E26: 1 | F26: Birmingham | G26: 1 | H26: =IF(E26>G26,D26,IF(G26>E26,F26,"")) | I26: =IF(H26="",D26,"") -> Everton | J26: =IF(H26="",F26,"") -> Birmingham
A27: 467060 | B27: 37495 | C27: Round | D27: Leeds | E27: 0 | F27: Sunderland | G27: 1 | H27: =IF(E27>G27,D27,IF(G27>E27,F27,"")) -> Sunderland | I27: =IF(H27="",D27,"") | J27: =IF(H27="",F27,"")
A28: 467061 | B28: 37495 | C28: Round | D28: Southampton | E28: 1 | F28: Chelsea | G28: 1 | H28: =IF(E28>G28,D28,IF(G28>E28,F28,"")) | I28: =IF(H28="",D28,"") -> Southampton | J28: =IF(H28="",F28,"") -> Chelsea
A29: 467062 | B29: 37498 | C29: Round | D29: Birmingham | E29: 2 | F29: Leeds | G29: 1 | H29: =IF(E29>G29,D29,IF(G29>E29,F29,"")) -> Birmingham | I29: =IF(H29="",D29,"") | J29: =IF(H29="",F29,"")
A30: 467063 | B30: 37498 | C30: Round | D30: Manchester City | E30: 3 | F30: Everton | G30: 1 | H30: =IF(E30>G30,D30,IF(G30>E30,F30,"")) -> Manchester City | I30: =IF(H30="",D30,"") | J30: =IF(H30="",F30,"")
A31: 467064 | B31: 37498 | C31: Round | D31: Middlesbrough | E31: 1 | F31: Blackburn | G31: 0 | H31: =IF(E31>G31,D31,IF(G31>E31,F31,"")) -> Middlesbrough | I31: =IF(H31="",D31,"") | J31: =IF(H31="",F31,"")
A32: 467065 | B32: 37498 | C32: Round | D32: Sunderland | E32: 1 | F32: Manchester United | G32: 1 | H32: =IF(E32>G32,D32,IF(G32>E32,F32,"")) | I32: =IF(H32="",D32,"") -> Sunderland | J32: =IF(H32="",F32,"") -> Manchester United
A33: 467066 | B33: 37498 | C33: Round | D33: Tottenham | E33: 2 | F33: Southampton | G33: 1 | H33: =IF(E33>G33,D33,IF(G33>E33,F33,"")) -> Tottenham | I33: =IF(H33="",D33,"") | J33: =IF(H33="",F33,"")
... A381: 467414 | B381: 37751 | C381: Round | D381: West Brom | E381: 2 | F381: Newcastle | G381: 2 | H381: =IF(E381>G381,D381,IF(G381>E381,F381,"")) | I381: =IF(H381="",D381,"") -> West Brom | J381: =IF(H381="",F381,"") -> Newcastle

Sheet 2003-2004
A1: ID | B1: Date | C1: Round | D1: Home | F1: Away | H1: Winner | I1: Draw-1 | J1: Draw-2 | M1: Team | N1: Wins | O1: Draws | P1: Losses | Q1: Games Played | R1: Goals For | S1: Goals Against | T1: Goal Difference | U1: Points | V1: Position
A2: 466582 | B2: 37848 | C2: Round | D2: Arsenal | E2: 2 | F2: Everton | G2: 1 | H2: =IF(E2>G2,D2,IF(G2>E2,F2,"")) -> Arsenal | I2: =IF(H2="",D2,"") | J2: =IF(H2="",F2,"") | M2: Arsenal | N2: =COUNTIF($H$2:$H$381,M2) -> 26 | O2: =COUNTIF($J$2:$J$381,M2)+COUNTIF($I$2:$I$381,M2) -> 12 | P2: =(COUNTIF($F$2:$F$381,M2)+COUNTIF($D$2:$D$381,M2))-SUM(N2:O2) -> 0 | Q2: =SUM(N2:P2) -> 38 | R2: =SUMIF(D:D,M2,E:E)+SUMIF(F:F,M2,G:G) -> 73 | S2: =SUMIF(D:D,M2,G:G)+SUMIF(F:F,M2,E:E) -> 26 | T2: =R2-S2 -> 47 | U2: =(N2*3)+O2 -> 90 | V2: 1
A3: 466583 | B3: 37848 | C3: Round | D3: Birmingham | E3: 1 | F3: Tottenham | G3: 0 | H3: =IF(E3>G3,D3,IF(G3>E3,F3,"")) -> Birmingham | I3: =IF(H3="",D3,"") | J3: =IF(H3="",F3,"") | M3: Chelsea | N3: =COUNTIF($H$2:$H$381,M3) -> 24 | O3: =COUNTIF($J$2:$J$381,M3)+COUNTIF($I$2:$I$381,M3) -> 7 | P3: =(COUNTIF($F$2:$F$381,M3)+COUNTIF($D$2:$D$381,M3))-SUM(N3:O3) -> 7 | Q3: =SUM(N3:P3) -> 38 | R3: =SUMIF(D:D,M3,E:E)+SUMIF(F:F,M3,G:G) -> 67 | S3: =SUMIF(D:D,M3,G:G)+SUMIF(F:F,M3,E:E) -> 30 | T3: =R3-S3 -> 37 | U3: =(N3*3)+O3 -> 79 | V3: 2
A4: 466584 | B4: 37848 | C4: Round | D4: Blackburn | E4: 5 | F4: Wolves | G4: 1 | H4: =IF(E4>G4,D4,IF(G4>E4,F4,"")) -> Blackburn | I4: =IF(H4="",D4,"") | J4: =IF(H4="",F4,"") | M4: Manchester United | N4: =COUNTIF($H$2:$H$381,M4) -> 23 | O4: =COUNTIF($J$2:$J$381,M4)+COUNTIF($I$2:$I$381,M4) -> 6 | P4: =(COUNTIF($F$2:$F$381,M4)+COUNTIF($D$2:$D$381,M4))-SUM(N4:O4) -> 9 | Q4: =SUM(N4:P4) -> 38 | R4: =SUMIF(D:D,M4,E:E)+SUMIF(F:F,M4,G:G) -> 64 | S4: =SUMIF(D:D,M4,G:G)+SUMIF(F:F,M4,E:E) -> 35 | T4: =R4-S4 -> 29 | U4: =(N4*3)+O4 -> 75 | V4: 3
A5: 466585 | B5: 37848 | C5: Round | D5: Fulham | E5: 3 | F5: Middlesbrough | G5: 2 | H5: =IF(E5>G5,D5,IF(G5>E5,F5,"")) -> Fulham | I5: =IF(H5="",D5,"") | J5: =IF(H5="",F5,"") | M5: Liverpool | N5: =COUNTIF($H$2:$H$381,M5) -> 16 | O5: =COUNTIF($J$2:$J$381,M5)+COUNTIF($I$2:$I$381,M5) -> 12 | P5: =(COUNTIF($F$2:$F$381,M5)+COUNTIF($D$2:$D$381,M5))-SUM(N5:O5) -> 10 | Q5: =SUM(N5:P5) -> 38 | R5: =SUMIF(D:D,M5,E:E)+SUMIF(F:F,M5,G:G) -> 55 | S5: =SUMIF(D:D,M5,G:G)+SUMIF(F:F,M5,E:E) -> 37 | T5: =R5-S5 -> 18 | U5: =(N5*3)+O5 -> 60 | V5: 4
A6: 466586 | B6: 37848 | C6: Round | D6: Leicester | E6: 2 | F6: Southampton | G6: 2 | H6: =IF(E6>G6,D6,IF(G6>E6,F6,"")) | I6: =IF(H6="",D6,"") -> Leicester | J6: =IF(H6="",F6,"") -> Southampton | M6: Newcastle | N6: =COUNTIF($H$2:$H$381,M6) -> 13 | O6: =COUNTIF($J$2:$J$381,M6)+COUNTIF($I$2:$I$381,M6) -> 17 | P6: =(COUNTIF($F$2:$F$381,M6)+COUNTIF($D$2:$D$381,M6))-SUM(N6:O6) -> 8 | Q6: =SUM(N6:P6) -> 38 | R6: =SUMIF(D:D,M6,E:E)+SUMIF(F:F,M6,G:G) -> 52 | S6: =SUMIF(D:D,M6,G:G)+SUMIF(F:F,M6,E:E) -> 40 | T6: =R6-S6 -> 12 | U6: =(N6*3)+O6 -> 56 | V6: 5
A7: 466587 | B7: 37848 | C7: Round | D7: Manchester United | E7: 4 | F7: Bolton | G7: 0 | H7: =IF(E7>G7,D7,IF(G7>E7,F7,"")) -> Manchester United | I7: =IF(H7="",D7,"") | J7: =IF(H7="",F7,"") | M7: Aston Villa | N7: =COUNTIF($H$2:$H$381,M7) -> 15 | O7: =COUNTIF($J$2:$J$381,M7)+COUNTIF($I$2:$I$381,M7) -> 11 | P7: =(COUNTIF($F$2:$F$381,M7)+COUNTIF($D$2:$D$381,M7))-SUM(N7:O7) -> 12 | Q7: =SUM(N7:P7) -> 38 | R7: =SUMIF(D:D,M7,E:E)+SUMIF(F:F,M7,G:G) -> 48 | S7: =SUMIF(D:D,M7,G:G)+SUMIF(F:F,M7,E:E) -> 44 | T7: =R7-S7 -> 4 | U7: =(N7*3)+O7 -> 56 | V7: 6
A8: 466588 | B8: 37848 | C8: Round | D8: Portsmouth | E8: 2 | F8: Aston Villa | G8: 1 | H8: =IF(E8>G8,D8,IF(G8>E8,F8,"")) -> Portsmouth | I8: =IF(H8="",D8,"") | J8: =IF(H8="",F8,"") | M8: Charlton | N8: =COUNTIF($H$2:$H$381,M8) -> 14 | O8: =COUNTIF($J$2:$J$381,M8)+COUNTIF($I$2:$I$381,M8) -> 11 | P8: =(COUNTIF($F$2:$F$381,M8)+COUNTIF($D$2:$D$381,M8))-SUM(N8:O8) -> 13 | Q8: =SUM(N8:P8) -> 38 | R8: =SUMIF(D:D,M8,E:E)+SUMIF(F:F,M8,G:G) -> 51 | S8: =SUMIF(D:D,M8,G:G)+SUMIF(F:F,M8,E:E) -> 51 | T8: =R8-S8 -> 0 | U8: =(N8*3)+O8 -> 53 | V8: 7
A9: 466589 | B9: 37849 | C9: Round | D9: Charlton | E9: 0 | F9: Manchester City | G9: 3 | H9: =IF(E9>G9,D9,IF(G9>E9,F9,"")) -> Manchester City | I9: =IF(H9="",D9,"") | J9: =IF(H9="",F9,"") | M9: Bolton | N9: =COUNTIF($H$2:$H$381,M9) -> 14 | O9: =COUNTIF($J$2:$J$381,M9)+COUNTIF($I$2:$I$381,M9) -> 11 | P9: =(COUNTIF($F$2:$F$381,M9)+COUNTIF($D$2:$D$381,M9))-SUM(N9:O9) -> 13 | Q9: =SUM(N9:P9) -> 38 | R9: =SUMIF(D:D,M9,E:E)+SUMIF(F:F,M9,G:G) -> 48 | S9: =SUMIF(D:D,M9,G:G)+SUMIF(F:F,M9,E:E) -> 56 | T9: =R9-S9 -> -8 | U9: =(N9*3)+O9 -> 53 | V9: 8
A10: 466590 | B10: 37849 | C10: Round | D10: Leeds | E10: 2 | F10: Newcastle | G10: 2 | H10: =IF(E10>G10,D10,IF(G10>E10,F10,"")) | I10: =IF(H10="",D10,"") -> Leeds | J10: =IF(H10="",F10,"") -> Newcastle | M10: Fulham | N10: =COUNTIF($H$2:$H$381,M10) -> 14 | O10: =COUNTIF($J$2:$J$381,M10)+COUNTIF($I$2:$I$381,M10) -> 10 | P10: =(COUNTIF($F$2:$F$381,M10)+COUNTIF($D$2:$D$381,M10))-SUM(N10:O10) -> 14 | Q10: =SUM(N10:P10) -> 38 | R10: =SUMIF(D:D,M10,E:E)+SUMIF(F:F,M10,G:G) -> 52 | S10: =SUMIF(D:D,M10,G:G)+SUMIF(F:F,M10,E:E) -> 46 | T10: =R10-S10 -> 6 | U10: =(N10*3)+O10 -> 52 | V10: 9
A11: 466591 | B11: 37849 | C11: Round | D11: Liverpool | E11: 1 | F11: Chelsea | G11: 2 | H11: =IF(E11>G11,D11,IF(G11>E11,F11,"")) -> Chelsea | I11: =IF(H11="",D11,"") | J11: =IF(H11="",F11,"") | M11: Birmingham | N11: =COUNTIF($H$2:$H$381,M11) -> 12 | O11: =COUNTIF($J$2:$J$381,M11)+COUNTIF($I$2:$I$381,M11) -> 14 | P11: =(COUNTIF($F$2:$F$381,M11)+COUNTIF($D$2:$D$381,M11))-SUM(N11:O11) -> 12 | Q11: =SUM(N11:P11) -> 38 | R11: =SUMIF(D:D,M11,E:E)+SUMIF(F:F,M11,G:G) -> 43 | S11: =SUMIF(D:D,M11,G:G)+SUMIF(F:F,M11,E:E) -> 48 | T11: =R11-S11 -> -5 | U11: =(N11*3)+O11 -> 50 | V11: 10
A12: 466592 | B12: 37855 | C12: Round | D12: Bolton | E12: 2 | F12: Blackburn | G12: 2 | H12: =IF(E12>G12,D12,IF(G12>E12,F12,"")) | I12: =IF(H12="",D12,"") -> Bolton | J12: =IF(H12="",F12,"") -> Blackburn | M12: Middlesbrough | N12: =COUNTIF($H$2:$H$381,M12) -> 13 | O12: =COUNTIF($J$2:$J$381,M12)+COUNTIF($I$2:$I$381,M12) -> 9 | P12: =(COUNTIF($F$2:$F$381,M12)+COUNTIF($D$2:$D$381,M12))-SUM(N12:O12) -> 16 | Q12: =SUM(N12:P12) -> 38 | R12: =SUMIF(D:D,M12,E:E)+SUMIF(F:F,M12,G:G) -> 44 | S12: =SUMIF(D:D,M12,G:G)+SUMIF(F:F,M12,E:E) -> 52 | T12: =R12-S12 -> -8 | U12: =(N12*3)+O12 -> 48 | V12: 11
A13: 466593 | B13: 37855 | C13: Round | D13: Chelsea | E13: 2 | F13: Leicester | G13: 1 | H13: =IF(E13>G13,D13,IF(G13>E13,F13,"")) -> Chelsea | I13: =IF(H13="",D13,"") | J13: =IF(H13="",F13,"") | M13: Southampton | N13: =COUNTIF($H$2:$H$381,M13) -> 12 | O13: =COUNTIF($J$2:$J$381,M13)+COUNTIF($I$2:$I$381,M13) -> 11 | P13: =(COUNTIF($F$2:$F$381,M13)+COUNTIF($D$2:$D$381,M13))-SUM(N13:O13) -> 15 | Q13: =SUM(N13:P13) -> 38 | R13: =SUMIF(D:D,M13,E:E)+SUMIF(F:F,M13,G:G) -> 44 | S13: =SUMIF(D:D,M13,G:G)+SUMIF(F:F,M13,E:E) -> 45 | T13: =R13-S13 -> -1 | U13: =(N13*3)+O13 -> 47 | V13: 12
... A21: 466601 | B21: 37856 | C21: Round | D21: Middlesbrough | E21: 0 | F21: Arsenal | G21: 4 | H21: =IF(E21>G21,D21,IF(G21>E21,F21,"")) -> Arsenal | I21: =IF(H21="",D21,"") | J21: =IF(H21="",F21,"") | M21: Wolves | N21: =COUNTIF($H$2:$H$381,M21) -> 7 | O21: =COUNTIF($J$2:$J$381,M21)+COUNTIF($I$2:$I$381,M21) -> 12 | P21: =(COUNTIF($F$2:$F$381,M21)+COUNTIF($D$2:$D$381,M21))-SUM(N21:O21) -> 19 | Q21: =SUM(N21:P21) -> 38 | R21: =SUMIF(D:D,M21,E:E)+SUMIF(F:F,M21,G:G) -> 38 | S21: =SUMIF(D:D,M21,G:G)+SUMIF(F:F,M21,E:E) -> 77 | T21: =R21-S21 -> -39 | U21: =(N21*3)+O21 -> 33 | V21: 20
A22: 466602 | B22: 37857 | C22: Round | D22: Blackburn | E22: 2 | F22: Manchester City | G22: 3 | H22: =IF(E22>G22,D22,IF(G22>E22,F22,"")) -> Manchester City | I22: =IF(H22="",D22,"") | J22: =IF(H22="",F22,"")
A23: 466603 | B23: 37858 | C23: Round | D23: Charlton | E23: 2 | F23: Everton | G23: 2 | H23: =IF(E23>G23,D23,IF(G23>E23,F23,"")) | I23: =IF(H23="",D23,"") -> Charlton | J23: =IF(H23="",F23,"") -> Everton
A24: 466604 | B24: 37858 | C24: Round | D24: Leeds | E24: 0 | F24: Southampton | G24: 0 | H24: =IF(E24>G24,D24,IF(G24>E24,F24,"")) | I24: =IF(H24="",D24,"") -> Leeds | J24: =IF(H24="",F24,"") -> Southampton
A25: 466605 | B25: 37858 | C25: Round | D25: Leicester | E25: 0 | F25: Middlesbrough | G25: 0 | H25: =IF(E25>G25,D25,IF(G25>E25,F25,"")) | I25: =IF(H25="",D25,"") -> Leicester | J25: =IF(H25="",F25,"") -> Middlesbrough
A26: 466606 | B26: 37858 | C26: Round | D26: Portsmouth | E26: 4 | F26: Bolton | G26: 0 | H26: =IF(E26>G26,D26,IF(G26>E26,F26,"")) -> Portsmouth | I26: =IF(H26="",D26,"") | J26: =IF(H26="",F26,"")
A27: 466607 | B27: 37859 | C27: Round | D27: Arsenal | E27: 2 | F27: Aston Villa | G27: 0 | H27: =IF(E27>G27,D27,IF(G27>E27,F27,"")) -> Arsenal | I27: =IF(H27="",D27,"") | J27: =IF(H27="",F27,"")
A28: 466608 | B28: 37859 | C28: Round | D28: Liverpool | E28: 0 | F28: Tottenham | G28: 0 | H28: =IF(E28>G28,D28,IF(G28>E28,F28,"")) | I28: =IF(H28="",D28,"") -> Liverpool | J28: =IF(H28="",F28,"") -> Tottenham
A29: 466609 | B29: 37859 | C29: Round | D29: Manchester United | E29: 1 | F29: Wolves | G29: 0 | H29: =IF(E29>G29,D29,IF(G29>E29,F29,"")) -> Manchester United | I29: =IF(H29="",D29,"") | J29: =IF(H29="",F29,"")
A30: 466610 | B30: 37862 | C30: Round | D30: Aston Villa | E30: 3 | F30: Leicester | G30: 1 | H30: =IF(E30>G30,D30,IF(G30>E30,F30,"")) -> Aston Villa | I30: =IF(H30="",D30,"") | J30: =IF(H30="",F30,"")
A31: 466611 | B31: 37862 | C31: Round | D31: Bolton | E31: 0 | F31: Charlton | G31: 0 | H31: =IF(E31>G31,D31,IF(G31>E31,F31,"")) | I31: =IF(H31="",D31,"") -> Bolton | J31: =IF(H31="",F31,"") -> Charlton
A32: 466612 | B32: 37862 | C32: Round | D32: Chelsea | E32: 2 | F32: Blackburn | G32: 2 | H32: =IF(E32>G32,D32,IF(G32>E32,F32,"")) | I32: =IF(H32="",D32,"") -> Chelsea | J32: =IF(H32="",F32,"") -> Blackburn
A33: 466613 | B33: 37862 | C33: Round | D33: Everton | E33: 0 | F33: Liverpool | G33: 3 | H33: =IF(E33>G33,D33,IF(G33>E33,F33,"")) -> Liverpool | I33: =IF(H33="",D33,"") | J33: =IF(H33="",F33,"")
... A381: 466961 | B381: 38121 | C381: Round | D381: Wolves | E381: 0 | F381: Tottenham | G381: 2 | H381: =IF(E381>G381,D381,IF(G381>E381,F381,"")) -> Tottenham | I381: =IF(H381="",D381,"") | J381: =IF(H381="",F381,"")

Sheet 2004-2005
A1: ID | B1: Date | C1: Round | D1: Home | F1: Away | H1: Winner | I1: Draw-1 | J1: Draw-2 | M1: Team | N1: Wins | O1: Draws | P1: Losses | Q1: Games Played | R1: Goals For | S1: Goals Against | T1: Goal Difference | U1: Points | V1: Position
A2: 466202 | B2: 38212 | C2: Round | D2: Aston Villa | E2: 2 | F2: Southampton | G2: 0 | H2: =IF(E2>G2,D2,IF(G2>E2,F2,"")) -> Aston Villa | I2: =IF(H2="",D2,"") | J2: =IF(H2="",F2,"") | M2: Chelsea | N2: =COUNTIF($H$2:$H$381,M2) -> 29 | O2: =COUNTIF($J$2:$J$381,M2)+COUNTIF($I$2:$I$381,M2) -> 8 | P2: =(COUNTIF($F$2:$F$381,M2)+COUNTIF($D$2:$D$381,M2))-SUM(N2:O2) -> 1 | Q2: =SUM(N2:P2) -> 38 | R2: =SUMIF(D:D,M2,E:E)+SUMIF(F:F,M2,G:G) -> 72 | S2: =SUMIF(D:D,M2,G:G)+SUMIF(F:F,M2,E:E) -> 15 | T2: =R2-S2 -> 57 | U2: =(N2*3)+O2 -> 95 | V2: 1
A3: 466203 | B3: 38212 | C3: Round | D3: Blackburn | E3: 1 | F3: West Brom | G3: 1 | H3: =IF(E3>G3,D3,IF(G3>E3,F3,"")) | I3: =IF(H3="",D3,"") -> Blackburn | J3: =IF(H3="",F3,"") -> West Brom | M3: Arsenal | N3: =COUNTIF($H$2:$H$381,M3) -> 25 | O3: =COUNTIF($J$2:$J$381,M3)+COUNTIF($I$2:$I$381,M3) -> 8 | P3: =(COUNTIF($F$2:$F$381,M3)+COUNTIF($D$2:$D$381,M3))-SUM(N3:O3) -> 5 | Q3: =SUM(N3:P3) -> 38 | R3: =SUMIF(D:D,M3,E:E)+SUMIF(F:F,M3,G:G) -> 87 | S3: =SUMIF(D:D,M3,G:G)+SUMIF(F:F,M3,E:E) -> 36 | T3: =R3-S3 -> 51 | U3: =(N3*3)+O3 -> 83 | V3: 2
A4: 466204 | B4: 38212 | C4: Round | D4: Bolton | E4: 4 | F4: Charlton | G4: 1 | H4: =IF(E4>G4,D4,IF(G4>E4,F4,"")) -> Bolton | I4: =IF(H4="",D4,"") | J4: =IF(H4="",F4,"") | M4: Manchester United | N4: =COUNTIF($H$2:$H$381,M4) -> 22 | O4: =COUNTIF($J$2:$J$381,M4)+COUNTIF($I$2:$I$381,M4) -> 11 | P4: =(COUNTIF($F$2:$F$381,M4)+COUNTIF($D$2:$D$381,M4))-SUM(N4:O4) -> 5 | Q4: =SUM(N4:P4) -> 38 | R4: =SUMIF(D:D,M4,E:E)+SUMIF(F:F,M4,G:G) -> 58 | S4: =SUMIF(D:D,M4,G:G)+SUMIF(F:F,M4,E:E) -> 26 | T4: =R4-S4 -> 32 | U4: =(N4*3)+O4 -> 77 | V4: 3
A5: 466205 | B5: 38212 | C5: Round | D5: Manchester City | E5: 1 | F5: Fulham | G5: 1 | H5: =IF(E5>G5,D5,IF(G5>E5,F5,"")) | I5: =IF(H5="",D5,"") -> Manchester City | J5: =IF(H5="",F5,"") -> Fulham | M5: Everton | N5: =COUNTIF($H$2:$H$381,M5) -> 18 | O5: =COUNTIF($J$2:$J$381,M5)+COUNTIF($I$2:$I$381,M5) -> 7 | P5: =(COUNTIF($F$2:$F$381,M5)+COUNTIF($D$2:$D$381,M5))-SUM(N5:O5) -> 13 | Q5: =SUM(N5:P5) -> 38 | R5: =SUMIF(D:D,M5,E:E)+SUMIF(F:F,M5,G:G) -> 45 | S5: =SUMIF(D:D,M5,G:G)+SUMIF(F:F,M5,E:E) -> 46 | T5: =R5-S5 -> -1 | U5: =(N5*3)+O5 -> 61 | V5: 4
A6: 466206 | B6: 38212 | C6: Round | D6: Middlesbrough | E6: 2 | F6: Newcastle | G6: 2 | H6: =IF(E6>G6,D6,IF(G6>E6,F6,"")) | I6: =IF(H6="",D6,"") -> Middlesbrough | J6: =IF(H6="",F6,"") -> Newcastle | M6: Liverpool | N6: =COUNTIF($H$2:$H$381,M6) -> 17 | O6: =COUNTIF($J$2:$J$381,M6)+COUNTIF($I$2:$I$381,M6) -> 7 | P6: =(COUNTIF($F$2:$F$381,M6)+COUNTIF($D$2:$D$381,M6))-SUM(N6:O6) -> 14 | Q6: =SUM(N6:P6) -> 38 | R6: =SUMIF(D:D,M6,E:E)+SUMIF(F:F,M6,G:G) -> 52 | S6: =SUMIF(D:D,M6,G:G)+SUMIF(F:F,M6,E:E) -> 41 | T6: =R6-S6 -> 11 | U6: =(N6*3)+O6 -> 58 | V6: 5
A7: 466207 | B7: 38212 | C7: Round | D7: Norwich | E7: 1 | F7: Crystal Palace | G7: 1 | H7: =IF(E7>G7,D7,IF(G7>E7,F7,"")) | I7: =IF(H7="",D7,"") -> Norwich | J7: =IF(H7="",F7,"") -> Crystal Palace | M7: Bolton | N7: =COUNTIF($H$2:$H$381,M7) -> 16 | O7: =COUNTIF($J$2:$J$381,M7)+COUNTIF($I$2:$I$381,M7) -> 10 | P7: =(COUNTIF($F$2:$F$381,M7)+COUNTIF($D$2:$D$381,M7))-SUM(N7:O7) -> 12 | Q7: =SUM(N7:P7) -> 38 | R7: =SUMIF(D:D,M7,E:E)+SUMIF(F:F,M7,G:G) -> 49 | S7: =SUMIF(D:D,M7,G:G)+SUMIF(F:F,M7,E:E) -> 44 | T7: =R7-S7 -> 5 | U7: =(N7*3)+O7 -> 58 | V7: 6
A8: 466208 | B8: 38212 | C8: Round | D8: Portsmouth | E8: 1 | F8: Birmingham | G8: 1 | H8: =IF(E8>G8,D8,IF(G8>E8,F8,"")) | I8: =IF(H8="",D8,"") -> Portsmouth | J8: =IF(H8="",F8,"") -> Birmingham | M8: Middlesbrough | N8: =COUNTIF($H$2:$H$381,M8) -> 14 | O8: =COUNTIF($J$2:$J$381,M8)+COUNTIF($I$2:$I$381,M8) -> 13 | P8: =(COUNTIF($F$2:$F$381,M8)+COUNTIF($D$2:$D$381,M8))-SUM(N8:O8) -> 11 | Q8: =SUM(N8:P8) -> 38 | R8: =SUMIF(D:D,M8,E:E)+SUMIF(F:F,M8,G:G) -> 53 | S8: =SUMIF(D:D,M8,G:G)+SUMIF(F:F,M8,E:E) -> 46 | T8: =R8-S8 -> 7 | U8: =(N8*3)+O8 -> 55 | V8: 7
A9: 466209 | B9: 38212 | C9: Round | D9: Tottenham | E9: 1 | F9: Liverpool | G9: 1 | H9: =IF(E9>G9,D9,IF(G9>E9,F9,"")) | I9: =IF(H9="",D9,"") -> Tottenham | J9: =IF(H9="",F9,"") -> Liverpool | M9: Manchester City | N9: =COUNTIF($H$2:$H$381,M9) -> 13 | O9: =COUNTIF($J$2:$J$381,M9)+COUNTIF($I$2:$I$381,M9) -> 13 | P9: =(COUNTIF($F$2:$F$381,M9)+COUNTIF($D$2:$D$381,M9))-SUM(N9:O9) -> 12 | Q9: =SUM(N9:P9) -> 38 | R9: =SUMIF(D:D,M9,E:E)+SUMIF(F:F,M9,G:G) -> 47 | S9: =SUMIF(D:D,M9,G:G)+SUMIF(F:F,M9,E:E) -> 39 | T9: =R9-S9 -> 8 | U9: =(N9*3)+O9 -> 52 | V9: 8
A10: 466210 | B10: 38213 | C10: Round | D10: Chelsea | E10: 1 | F10: Manchester United | G10: 0 | H10: =IF(E10>G10,D10,IF(G10>E10,F10,"")) -> Chelsea | I10: =IF(H10="",D10,"") | J10: =IF(H10="",F10,"") | M10: Tottenham | N10: =COUNTIF($H$2:$H$381,M10) -> 14 | O10: =COUNTIF($J$2:$J$381,M10)+COUNTIF($I$2:$I$381,M10) -> 10 | P10: =(COUNTIF($F$2:$F$381,M10)+COUNTIF($D$2:$D$381,M10))-SUM(N10:O10) -> 14 | Q10: =SUM(N10:P10) -> 38 | R10: =SUMIF(D:D,M10,E:E)+SUMIF(F:F,M10,G:G) -> 47 | S10: =SUMIF(D:D,M10,G:G)+SUMIF(F:F,M10,E:E) -> 41 | T10: =R10-S10 -> 6 | U10: =(N10*3)+O10 -> 52 | V10: 9
A11: 466211 | B11: 38213 | C11: Round | D11: Everton | E11: 1 | F11: Arsenal | G11: 4 | H11: =IF(E11>G11,D11,IF(G11>E11,F11,"")) -> Arsenal | I11: =IF(H11="",D11,"") | J11: =IF(H11="",F11,"") | M11: Aston Villa | N11: =COUNTIF($H$2:$H$381,M11) -> 12 | O11: =COUNTIF($J$2:$J$381,M11)+COUNTIF($I$2:$I$381,M11) -> 11 | P11: =(COUNTIF($F$2:$F$381,M11)+COUNTIF($D$2:$D$381,M11))-SUM(N11:O11) -> 15 | Q11: =SUM(N11:P11) -> 38 | R11: =SUMIF(D:D,M11,E:E)+SUMIF(F:F,M11,G:G) -> 45 | S11: =SUMIF(D:D,M11,G:G)+SUMIF(F:F,M11,E:E) -> 52 | T11: =R11-S11 -> -7 | U11: =(N11*3)+O11 -> 47 | V11: 10
A12: 466212 | B12: 38219 | C12: Round | D12: Birmingham | E12: 0 | F12: Chelsea | G12: 1 | H12: =IF(E12>G12,D12,IF(G12>E12,F12,"")) -> Chelsea | I12: =IF(H12="",D12,"") | J12: =IF(H12="",F12,"") | M12: Charlton | N12: =COUNTIF($H$2:$H$381,M12) -> 12 | O12: =COUNTIF($J$2:$J$381,M12)+COUNTIF($I$2:$I$381,M12) -> 10 | P12: =(COUNTIF($F$2:$F$381,M12)+COUNTIF($D$2:$D$381,M12))-SUM(N12:O12) -> 16 | Q12: =SUM(N12:P12) -> 38 | R12: =SUMIF(D:D,M12,E:E)+SUMIF(F:F,M12,G:G) -> 42 | S12: =SUMIF(D:D,M12,G:G)+SUMIF(F:F,M12,E:E) -> 58 | T12: =R12-S12 -> -16 | U12: =(N12*3)+O12 -> 46 | V12: 11
A13: 466213 | B13: 38219 | C13: Round | D13: Charlton | E13: 2 | F13: Portsmouth | G13: 1 | H13: =IF(E13>G13,D13,IF(G13>E13,F13,"")) -> Charlton | I13: =IF(H13="",D13,"") | J13: =IF(H13="",F13,"") | M13: Birmingham | N13: =COUNTIF($H$2:$H$381,M13) -> 11 | O13: =COUNTIF($J$2:$J$381,M13)+COUNTIF($I$2:$I$381,M13) -> 12 | P13: =(COUNTIF($F$2:$F$381,M13)+COUNTIF($D$2:$D$381,M13))-SUM(N13:O13) -> 15 | Q13: =SUM(N13:P13) -> 38 | R13: =SUMIF(D:D,M13,E:E)+SUMIF(F:F,M13,G:G) -> 40 | S13: =SUMIF(D:D,M13,G:G)+SUMIF(F:F,M13,E:E) -> 46 | T13: =R13-S13 -> -6 | U13: =(N13*3)+O13 -> 45 | V13: 12
... A21: 466221 | B21: 38220 | C21: Round | D21: West Brom | E21: 1 | F21: Aston Villa | G21: 1 | H21: =IF(E21>G21,D21,IF(G21>E21,F21,"")) | I21: =IF(H21="",D21,"") -> West Brom | J21: =IF(H21="",F21,"") -> Aston Villa | M21: Southampton | N21: =COUNTIF($H$2:$H$381,M21) -> 6 | O21: =COUNTIF($J$2:$J$381,M21)+COUNTIF($I$2:$I$381,M21) -> 14 | P21: =(COUNTIF($F$2:$F$381,M21)+COUNTIF($D$2:$D$381,M21))-SUM(N21:O21) -> 18 | Q21: =SUM(N21:P21) -> 38 | R21: =SUMIF(D:D,M21,E:E)+SUMIF(F:F,M21,G:G) -> 45 | S21: =SUMIF(D:D,M21,G:G)+SUMIF(F:F,M21,E:E) -> 66 | T21: =R21-S21 -> -21 | U21: =(N21*3)+O21 -> 32 | V21: 20
A22: 466222 | B22: 38222 | C22: Round | D22: Birmingham | E22: 1 | F22: Manchester City | G22: 0 | H22: =IF(E22>G22,D22,IF(G22>E22,F22,"")) -> Birmingham | I22: =IF(H22="",D22,"") | J22: =IF(H22="",F22,"")
A23: 466223 | B23: 38222 | C23: Round | D23: Crystal Palace | E23: 0 | F23: Chelsea | G23: 2 | H23: =IF(E23>G23,D23,IF(G23>E23,F23,"")) -> Chelsea | I23: =IF(H23="",D23,"") | J23: =IF(H23="",F23,"")
A24: 466224 | B24: 38223 | C24: Round | D24: Arsenal | E24: 3 | F24: Blackburn | G24: 0 | H24: =IF(E24>G24,D24,IF(G24>E24,F24,"")) -> Arsenal | I24: =IF(H24="",D24,"") | J24: =IF(H24="",F24,"")
A25: 466225 | B25: 38223 | C25: Round | D25: Charlton | E25: 3 | F25: Aston Villa | G25: 0 | H25: =IF(E25>G25,D25,IF(G25>E25,F25,"")) -> Charlton | I25: =IF(H25="",D25,"") | J25: =IF(H25="",F25,"")
A26: 466226 | B26: 38223 | C26: Round | D26: Fulham | E26: 0 | F26: Middlesbrough | G26: 2 | H26: =IF(E26>G26,D26,IF(G26>E26,F26,"")) -> Middlesbrough | I26: =IF(H26="",D26,"") | J26: =IF(H26="",F26,"")
A27: 466227 | B27: 38223 | C27: Round | D27: Newcastle | E27: 2 | F27: Norwich | G27: 2 | H27: =IF(E27>G27,D27,IF(G27>E27,F27,"")) | I27: =IF(H27="",D27,"") -> Newcastle | J27: =IF(H27="",F27,"") -> Norwich
A28: 466228 | B28: 38223 | C28: Round | D28: Southampton | E28: 1 | F28: Bolton | G28: 2 | H28: =IF(E28>G28,D28,IF(G28>E28,F28,"")) -> Bolton | I28: =IF(H28="",D28,"") | J28: =IF(H28="",F28,"")
A29: 466229 | B29: 38223 | C29: Round | D29: West Brom | E29: 1 | F29: Tottenham | G29: 1 | H29: =IF(E29>G29,D29,IF(G29>E29,F29,"")) | I29: =IF(H29="",D29,"") -> West Brom | J29: =IF(H29="",F29,"") -> Tottenham
A30: 466230 | B30: 38226 | C30: Round | D30: Aston Villa | E30: 4 | F30: Newcastle | G30: 2 | H30: =IF(E30>G30,D30,IF(G30>E30,F30,"")) -> Aston Villa | I30: =IF(H30="",D30,"") | J30: =IF(H30="",F30,"")
A31: 466231 | B31: 38226 | C31: Round | D31: Blackburn | E31: 1 | F31: Manchester United | G31: 1 | H31: =IF(E31>G31,D31,IF(G31>E31,F31,"")) | I31: =IF(H31="",D31,"") -> Blackburn | J31: =IF(H31="",F31,"") -> Manchester United
A32: 466232 | B32: 38226 | C32: Round | D32: Chelsea | E32: 2 | F32: Southampton | G32: 1 | H32: =IF(E32>G32,D32,IF(G32>E32,F32,"")) -> Chelsea | I32: =IF(H32="",D32,"") | J32: =IF(H32="",F32,"")
A33: 466233 | B33: 38226 | C33: Round | D33: Everton | E33: 2 | F33: West Brom | G33: 1 | H33: =IF(E33>G33,D33,IF(G33>E33,F33,"")) -> Everton | I33: =IF(H33="",D33,"") | J33: =IF(H33="",F33,"")
